captured_at,source,event_name,sport,competition,market,selection,odd,url,period,bookmaker_event_id,raw_text,key
2026-06-19T13:26:09,lottu,EUA x Austrália,football,Internacional - Copa do Mundo,Resultado Final 1X2,EUA,1.68,https://www.lottu.bet.br/s/CLE?group_type=LEAGUE&identifier=sr:tournament:16&name=Copa%20do%20Mundo,19/06 16:00,,19/06 | 16:00 | keyboard_double_arrow_right | +2 | +3211 | EUA | Austrália | 1 | 1.68 | x | 3.96 | 2 | 4.90,lottu|football|Internacional - Copa do Mundo|EUA x Austrália|Resultado Final 1X2|EUA
2026-06-19T13:26:09,lottu,EUA x Austrália,football,Internacional - Copa do Mundo,Resultado Final 1X2,Empate,3.96,https://www.lottu.bet.br/s/CLE?group_type=LEAGUE&identifier=sr:tournament:16&name=Copa%20do%20Mundo,19/06 16:00,,19/06 | 16:00 | keyboard_double_arrow_right | +2 | +3211 | EUA | Austrália | 1 | 1.68 | x | 3.96 | 2 | 4.90,lottu|football|Internacional - Copa do Mundo|EUA x Austrália|Resultado Final 1X2|Empate
2026-06-19T13:26:09,lottu,EUA x Austrália,football,Internacional - Copa do Mundo,Resultado Final 1X2,Austrália,4.90,https://www.lottu.bet.br/s/CLE?group_type=LEAGUE&identifier=sr:tournament:16&name=Copa%20do%20Mundo,19/06 16:00,,19/06 | 16:00 | keyboard_double_arrow_right | +2 | +3211 | EUA | Austrália | 1 | 1.68 | x | 3.96 | 2 | 4.90,lottu|football|Internacional - Copa do Mundo|EUA x Austrália|Resultado Final 1X2|Austrália
2026-06-19T13:26:09,lottu,Escócia x Marrocos,football,Internacional - Copa do Mundo,Resultado Final 1X2,Escócia,5.29,https://www.lottu.bet.br/s/CLE?group_type=LEAGUE&identifier=sr:tournament:16&name=Copa%20do%20Mundo,19/06 19:00,,19/06 | 19:00 | keyboard_double_arrow_right | +2 | +3183 | Escócia | Marrocos | 1 | 5.29 | x | 3.47 | 2 | 1.74,lottu|football|Internacional - Copa do Mundo|Escócia x Marrocos|Resultado Final 1X2|Escócia
2026-06-19T13:26:09,lottu,Escócia x Marrocos,football,Internacional - Copa do Mundo,Resultado Final 1X2,Empate,3.47,https://www.lottu.bet.br/s/CLE?group_type=LEAGUE&identifier=sr:tournament:16&name=Copa%20do%20Mundo,19/06 19:00,,19/06 | 19:00 | keyboard_double_arrow_right | +2 | +3183 | Escócia | Marrocos | 1 | 5.29 | x | 3.47 | 2 | 1.74,lottu|football|Internacional - Copa do Mundo|Escócia x Marrocos|Resultado Final 1X2|Empate
2026-06-19T13:26:09,lottu,Escócia x Marrocos,football,Internacional - Copa do Mundo,Resultado Final 1X2,Marrocos,1.74,https://www.lottu.bet.br/s/CLE?group_type=LEAGUE&identifier=sr:tournament:16&name=Copa%20do%20Mundo,19/06 19:00,,19/06 | 19:00 | keyboard_double_arrow_right | +2 | +3183 | Escócia | Marrocos | 1 | 5.29 | x | 3.47 | 2 | 1.74,lottu|football|Internacional - Copa do Mundo|Escócia x Marrocos|Resultado Final 1X2|Marrocos
2026-06-19T13:26:09,lottu,Brasil x Haiti,football,Internacional - Copa do Mundo,Resultado Final 1X2,Brasil,1.15,https://www.lottu.bet.br/s/CLE?group_type=LEAGUE&identifier=sr:tournament:16&name=Copa%20do%20Mundo,19/06 21:30,,19/06 | 21:30 | keyboard_double_arrow_right | +2 | +3170 | Brasil | Haiti | 1 | 1.15 | x | 9.12 | 2 | 20.30,lottu|football|Internacional - Copa do Mundo|Brasil x Haiti|Resultado Final 1X2|Brasil
2026-06-19T13:26:09,lottu,Brasil x Haiti,football,Internacional - Copa do Mundo,Resultado Final 1X2,Empate,9.12,https://www.lottu.bet.br/s/CLE?group_type=LEAGUE&identifier=sr:tournament:16&name=Copa%20do%20Mundo,19/06 21:30,,19/06 | 21:30 | keyboard_double_arrow_right | +2 | +3170 | Brasil | Haiti | 1 | 1.15 | x | 9.12 | 2 | 20.30,lottu|football|Internacional - Copa do Mundo|Brasil x Haiti|Resultado Final 1X2|Empate
2026-06-19T13:26:09,lottu,Brasil x Haiti,football,Internacional - Copa do Mundo,Resultado Final 1X2,Haiti,20.30,https://www.lottu.bet.br/s/CLE?group_type=LEAGUE&identifier=sr:tournament:16&name=Copa%20do%20Mundo,19/06 21:30,,19/06 | 21:30 | keyboard_double_arrow_right | +2 | +3170 | Brasil | Haiti | 1 | 1.15 | x | 9.12 | 2 | 20.30,lottu|football|Internacional - Copa do Mundo|Brasil x Haiti|Resultado Final 1X2|Haiti
2026-06-19T13:26:09,lottu,Turquia x Paraguai,football,Internacional - Copa do Mundo,Resultado Final 1X2,Turquia,2.09,https://www.lottu.bet.br/s/CLE?group_type=LEAGUE&identifier=sr:tournament:16&name=Copa%20do%20Mundo,20/06 00:00,,20/06 | 00:00 | keyboard_double_arrow_right | +2 | +3251 | Turquia | Paraguai | 1 | 2.09 | x | 3.35 | 2 | 3.66,lottu|football|Internacional - Copa do Mundo|Turquia x Paraguai|Resultado Final 1X2|Turquia
2026-06-19T13:26:09,lottu,Turquia x Paraguai,football,Internacional - Copa do Mundo,Resultado Final 1X2,Empate,3.35,https://www.lottu.bet.br/s/CLE?group_type=LEAGUE&identifier=sr:tournament:16&name=Copa%20do%20Mundo,20/06 00:00,,20/06 | 00:00 | keyboard_double_arrow_right | +2 | +3251 | Turquia | Paraguai | 1 | 2.09 | x | 3.35 | 2 | 3.66,lottu|football|Internacional - Copa do Mundo|Turquia x Paraguai|Resultado Final 1X2|Empate
2026-06-19T13:26:09,lottu,Turquia x Paraguai,football,Internacional - Copa do Mundo,Resultado Final 1X2,Paraguai,3.66,https://www.lottu.bet.br/s/CLE?group_type=LEAGUE&identifier=sr:tournament:16&name=Copa%20do%20Mundo,20/06 00:00,,20/06 | 00:00 | keyboard_double_arrow_right | +2 | +3251 | Turquia | Paraguai | 1 | 2.09 | x | 3.35 | 2 | 3.66,lottu|football|Internacional - Copa do Mundo|Turquia x Paraguai|Resultado Final 1X2|Paraguai
2026-06-19T13:26:09,lottu,Holanda x Suécia,football,Internacional - Copa do Mundo,Resultado Final 1X2,Holanda,1.80,https://www.lottu.bet.br/s/CLE?group_type=LEAGUE&identifier=sr:tournament:16&name=Copa%20do%20Mundo,20/06 14:00,,20/06 | 14:00 | keyboard_double_arrow_right | +2 | +3216 | Holanda | Suécia | 1 | 1.80 | x | 3.76 | 2 | 4.35,lottu|football|Internacional - Copa do Mundo|Holanda x Suécia|Resultado Final 1X2|Holanda
2026-06-19T13:26:09,lottu,Holanda x Suécia,football,Internacional - Copa do Mundo,Resultado Final 1X2,Empate,3.76,https://www.lottu.bet.br/s/CLE?group_type=LEAGUE&identifier=sr:tournament:16&name=Copa%20do%20Mundo,20/06 14:00,,20/06 | 14:00 | keyboard_double_arrow_right | +2 | +3216 | Holanda | Suécia | 1 | 1.80 | x | 3.76 | 2 | 4.35,lottu|football|Internacional - Copa do Mundo|Holanda x Suécia|Resultado Final 1X2|Empate
2026-06-19T13:26:09,lottu,Holanda x Suécia,football,Internacional - Copa do Mundo,Resultado Final 1X2,Suécia,4.35,https://www.lottu.bet.br/s/CLE?group_type=LEAGUE&identifier=sr:tournament:16&name=Copa%20do%20Mundo,20/06 14:00,,20/06 | 14:00 | keyboard_double_arrow_right | +2 | +3216 | Holanda | Suécia | 1 | 1.80 | x | 3.76 | 2 | 4.35,lottu|football|Internacional - Copa do Mundo|Holanda x Suécia|Resultado Final 1X2|Suécia
2026-06-19T13:26:09,lottu,Alemanha x Costa do Marfim,football,Internacional - Copa do Mundo,Resultado Final 1X2,Alemanha,1.59,https://www.lottu.bet.br/s/CLE?group_type=LEAGUE&identifier=sr:tournament:16&name=Copa%20do%20Mundo,20/06 17:00,,20/06 | 17:00 | keyboard_double_arrow_right | +2 | +3134 | Alemanha | Costa do Marfim | 1 | 1.59 | x | 4.22 | 2 | 5.38,lottu|football|Internacional - Copa do Mundo|Alemanha x Costa do Marfim|Resultado Final 1X2|Alemanha
2026-06-19T13:26:09,lottu,Alemanha x Costa do Marfim,football,Internacional - Copa do Mundo,Resultado Final 1X2,Empate,4.22,https://www.lottu.bet.br/s/CLE?group_type=LEAGUE&identifier=sr:tournament:16&name=Copa%20do%20Mundo,20/06 17:00,,20/06 | 17:00 | keyboard_double_arrow_right | +2 | +3134 | Alemanha | Costa do Marfim | 1 | 1.59 | x | 4.22 | 2 | 5.38,lottu|football|Internacional - Copa do Mundo|Alemanha x Costa do Marfim|Resultado Final 1X2|Empate
2026-06-19T13:26:09,lottu,Alemanha x Costa do Marfim,football,Internacional - Copa do Mundo,Resultado Final 1X2,Costa do Marfim,5.38,https://www.lottu.bet.br/s/CLE?group_type=LEAGUE&identifier=sr:tournament:16&name=Copa%20do%20Mundo,20/06 17:00,,20/06 | 17:00 | keyboard_double_arrow_right | +2 | +3134 | Alemanha | Costa do Marfim | 1 | 1.59 | x | 4.22 | 2 | 5.38,lottu|football|Internacional - Copa do Mundo|Alemanha x Costa do Marfim|Resultado Final 1X2|Costa do Marfim
2026-06-19T13:26:09,lottu,Equador x Curaçao,football,Internacional - Copa do Mundo,Resultado Final 1X2,Equador,1.15,https://www.lottu.bet.br/s/CLE?group_type=LEAGUE&identifier=sr:tournament:16&name=Copa%20do%20Mundo,20/06 21:00,,20/06 | 21:00 | keyboard_double_arrow_right | +2 | +3208 | Equador | Curaçao | 1 | 1.15 | x | 7.85 | 2 | 19.11,lottu|football|Internacional - Copa do Mundo|Equador x Curaçao|Resultado Final 1X2|Equador
2026-06-19T13:26:09,lottu,Equador x Curaçao,football,Internacional - Copa do Mundo,Resultado Final 1X2,Empate,7.85,https://www.lottu.bet.br/s/CLE?group_type=LEAGUE&identifier=sr:tournament:16&name=Copa%20do%20Mundo,20/06 21:00,,20/06 | 21:00 | keyboard_double_arrow_right | +2 | +3208 | Equador | Curaçao | 1 | 1.15 | x | 7.85 | 2 | 19.11,lottu|football|Internacional - Copa do Mundo|Equador x Curaçao|Resultado Final 1X2|Empate
2026-06-19T13:26:09,lottu,Equador x Curaçao,football,Internacional - Copa do Mundo,Resultado Final 1X2,Curaçao,19.11,https://www.lottu.bet.br/s/CLE?group_type=LEAGUE&identifier=sr:tournament:16&name=Copa%20do%20Mundo,20/06 21:00,,20/06 | 21:00 | keyboard_double_arrow_right | +2 | +3208 | Equador | Curaçao | 1 | 1.15 | x | 7.85 | 2 | 19.11,lottu|football|Internacional - Copa do Mundo|Equador x Curaçao|Resultado Final 1X2|Curaçao
2026-06-19T13:26:09,lottu,Tunísia x Japão,football,Internacional - Copa do Mundo,Resultado Final 1X2,Tunísia,6.18,https://www.lottu.bet.br/s/CLE?group_type=LEAGUE&identifier=sr:tournament:16&name=Copa%20do%20Mundo,21/06 01:00,,21/06 | 01:00 | keyboard_double_arrow_right | +2 | +3040 | Tunísia | Japão | 1 | 6.18 | x | 3.88 | 2 | 1.58,lottu|football|Internacional - Copa do Mundo|Tunísia x Japão|Resultado Final 1X2|Tunísia
2026-06-19T13:26:09,lottu,Tunísia x Japão,football,Internacional - Copa do Mundo,Resultado Final 1X2,Empate,3.88,https://www.lottu.bet.br/s/CLE?group_type=LEAGUE&identifier=sr:tournament:16&name=Copa%20do%20Mundo,21/06 01:00,,21/06 | 01:00 | keyboard_double_arrow_right | +2 | +3040 | Tunísia | Japão | 1 | 6.18 | x | 3.88 | 2 | 1.58,lottu|football|Internacional - Copa do Mundo|Tunísia x Japão|Resultado Final 1X2|Empate
2026-06-19T13:26:09,lottu,Tunísia x Japão,football,Internacional - Copa do Mundo,Resultado Final 1X2,Japão,1.58,https://www.lottu.bet.br/s/CLE?group_type=LEAGUE&identifier=sr:tournament:16&name=Copa%20do%20Mundo,21/06 01:00,,21/06 | 01:00 | keyboard_double_arrow_right | +2 | +3040 | Tunísia | Japão | 1 | 6.18 | x | 3.88 | 2 | 1.58,lottu|football|Internacional - Copa do Mundo|Tunísia x Japão|Resultado Final 1X2|Japão
2026-06-19T13:26:09,lottu,Espanha x Arábia Saudita,football,Internacional - Copa do Mundo,Resultado Final 1X2,Espanha,1.14,https://www.lottu.bet.br/s/CLE?group_type=LEAGUE&identifier=sr:tournament:16&name=Copa%20do%20Mundo,21/06 13:00,,21/06 | 13:00 | keyboard_double_arrow_right | +2 | +3154 | Espanha | Arábia Saudita | 1 | 1.14 | x | 8.08 | 2 | 22.36,lottu|football|Internacional - Copa do Mundo|Espanha x Arábia Saudita|Resultado Final 1X2|Espanha
2026-06-19T13:26:09,lottu,Espanha x Arábia Saudita,football,Internacional - Copa do Mundo,Resultado Final 1X2,Empate,8.08,https://www.lottu.bet.br/s/CLE?group_type=LEAGUE&identifier=sr:tournament:16&name=Copa%20do%20Mundo,21/06 13:00,,21/06 | 13:00 | keyboard_double_arrow_right | +2 | +3154 | Espanha | Arábia Saudita | 1 | 1.14 | x | 8.08 | 2 | 22.36,lottu|football|Internacional - Copa do Mundo|Espanha x Arábia Saudita|Resultado Final 1X2|Empate
2026-06-19T13:26:09,lottu,Espanha x Arábia Saudita,football,Internacional - Copa do Mundo,Resultado Final 1X2,Arábia Saudita,22.36,https://www.lottu.bet.br/s/CLE?group_type=LEAGUE&identifier=sr:tournament:16&name=Copa%20do%20Mundo,21/06 13:00,,21/06 | 13:00 | keyboard_double_arrow_right | +2 | +3154 | Espanha | Arábia Saudita | 1 | 1.14 | x | 8.08 | 2 | 22.36,lottu|football|Internacional - Copa do Mundo|Espanha x Arábia Saudita|Resultado Final 1X2|Arábia Saudita
2026-06-19T13:26:09,lottu,Bélgica x Irã,football,Internacional - Copa do Mundo,Resultado Final 1X2,Bélgica,1.48,https://www.lottu.bet.br/s/CLE?group_type=LEAGUE&identifier=sr:tournament:16&name=Copa%20do%20Mundo,21/06 16:00,,21/06 | 16:00 | keyboard_double_arrow_right | +2 | +3073 | Bélgica | Irã | 1 | 1.48 | x | 4.41 | 2 | 6.87,lottu|football|Internacional - Copa do Mundo|Bélgica x Irã|Resultado Final 1X2|Bélgica
2026-06-19T13:26:09,lottu,Bélgica x Irã,football,Internacional - Copa do Mundo,Resultado Final 1X2,Empate,4.41,https://www.lottu.bet.br/s/CLE?group_type=LEAGUE&identifier=sr:tournament:16&name=Copa%20do%20Mundo,21/06 16:00,,21/06 | 16:00 | keyboard_double_arrow_right | +2 | +3073 | Bélgica | Irã | 1 | 1.48 | x | 4.41 | 2 | 6.87,lottu|football|Internacional - Copa do Mundo|Bélgica x Irã|Resultado Final 1X2|Empate
2026-06-19T13:26:09,lottu,Bélgica x Irã,football,Internacional - Copa do Mundo,Resultado Final 1X2,Irã,6.87,https://www.lottu.bet.br/s/CLE?group_type=LEAGUE&identifier=sr:tournament:16&name=Copa%20do%20Mundo,21/06 16:00,,21/06 | 16:00 | keyboard_double_arrow_right | +2 | +3073 | Bélgica | Irã | 1 | 1.48 | x | 4.41 | 2 | 6.87,lottu|football|Internacional - Copa do Mundo|Bélgica x Irã|Resultado Final 1X2|Irã
2026-06-19T13:26:09,lottu,Uruguai x Cabo Verde,football,Internacional - Copa do Mundo,Resultado Final 1X2,Uruguai,1.51,https://www.lottu.bet.br/s/CLE?group_type=LEAGUE&identifier=sr:tournament:16&name=Copa%20do%20Mundo,21/06 19:00,,21/06 | 19:00 | keyboard_double_arrow_right | +2 | +2990 | Uruguai | Cabo Verde | 1 | 1.51 | x | 3.99 | 2 | 7.16,lottu|football|Internacional - Copa do Mundo|Uruguai x Cabo Verde|Resultado Final 1X2|Uruguai
2026-06-19T13:26:09,lottu,Uruguai x Cabo Verde,football,Internacional - Copa do Mundo,Resultado Final 1X2,Empate,3.99,https://www.lottu.bet.br/s/CLE?group_type=LEAGUE&identifier=sr:tournament:16&name=Copa%20do%20Mundo,21/06 19:00,,21/06 | 19:00 | keyboard_double_arrow_right | +2 | +2990 | Uruguai | Cabo Verde | 1 | 1.51 | x | 3.99 | 2 | 7.16,lottu|football|Internacional - Copa do Mundo|Uruguai x Cabo Verde|Resultado Final 1X2|Empate
2026-06-19T13:26:09,lottu,Uruguai x Cabo Verde,football,Internacional - Copa do Mundo,Resultado Final 1X2,Cabo Verde,7.16,https://www.lottu.bet.br/s/CLE?group_type=LEAGUE&identifier=sr:tournament:16&name=Copa%20do%20Mundo,21/06 19:00,,21/06 | 19:00 | keyboard_double_arrow_right | +2 | +2990 | Uruguai | Cabo Verde | 1 | 1.51 | x | 3.99 | 2 | 7.16,lottu|football|Internacional - Copa do Mundo|Uruguai x Cabo Verde|Resultado Final 1X2|Cabo Verde
2026-06-19T13:26:09,lottu,Nova Zelândia x Egito,football,Internacional - Copa do Mundo,Resultado Final 1X2,Nova Zelândia,5.42,https://www.lottu.bet.br/s/CLE?group_type=LEAGUE&identifier=sr:tournament:16&name=Copa%20do%20Mundo,21/06 22:00,,21/06 | 22:00 | keyboard_double_arrow_right | +2 | +3041 | Nova Zelândia | Egito | 1 | 5.42 | x | 3.78 | 2 | 1.66,lottu|football|Internacional - Copa do Mundo|Nova Zelândia x Egito|Resultado Final 1X2|Nova Zelândia
2026-06-19T13:26:09,lottu,Nova Zelândia x Egito,football,Internacional - Copa do Mundo,Resultado Final 1X2,Empate,3.78,https://www.lottu.bet.br/s/CLE?group_type=LEAGUE&identifier=sr:tournament:16&name=Copa%20do%20Mundo,21/06 22:00,,21/06 | 22:00 | keyboard_double_arrow_right | +2 | +3041 | Nova Zelândia | Egito | 1 | 5.42 | x | 3.78 | 2 | 1.66,lottu|football|Internacional - Copa do Mundo|Nova Zelândia x Egito|Resultado Final 1X2|Empate
2026-06-19T13:26:09,lottu,Nova Zelândia x Egito,football,Internacional - Copa do Mundo,Resultado Final 1X2,Egito,1.66,https://www.lottu.bet.br/s/CLE?group_type=LEAGUE&identifier=sr:tournament:16&name=Copa%20do%20Mundo,21/06 22:00,,21/06 | 22:00 | keyboard_double_arrow_right | +2 | +3041 | Nova Zelândia | Egito | 1 | 5.42 | x | 3.78 | 2 | 1.66,lottu|football|Internacional - Copa do Mundo|Nova Zelândia x Egito|Resultado Final 1X2|Egito
2026-06-19T13:26:09,lottu,Argentina x Áustria,football,Internacional - Copa do Mundo,Resultado Final 1X2,Argentina,1.63,https://www.lottu.bet.br/s/CLE?group_type=LEAGUE&identifier=sr:tournament:16&name=Copa%20do%20Mundo,22/06 14:00,,22/06 | 14:00 | keyboard_double_arrow_right | +2 | +3031 | Argentina | Áustria | 1 | 1.63 | x | 3.85 | 2 | 5.60,lottu|football|Internacional - Copa do Mundo|Argentina x Áustria|Resultado Final 1X2|Argentina
2026-06-19T13:26:09,lottu,Argentina x Áustria,football,Internacional - Copa do Mundo,Resultado Final 1X2,Empate,3.85,https://www.lottu.bet.br/s/CLE?group_type=LEAGUE&identifier=sr:tournament:16&name=Copa%20do%20Mundo,22/06 14:00,,22/06 | 14:00 | keyboard_double_arrow_right | +2 | +3031 | Argentina | Áustria | 1 | 1.63 | x | 3.85 | 2 | 5.60,lottu|football|Internacional - Copa do Mundo|Argentina x Áustria|Resultado Final 1X2|Empate
2026-06-19T13:26:09,lottu,Argentina x Áustria,football,Internacional - Copa do Mundo,Resultado Final 1X2,Áustria,5.60,https://www.lottu.bet.br/s/CLE?group_type=LEAGUE&identifier=sr:tournament:16&name=Copa%20do%20Mundo,22/06 14:00,,22/06 | 14:00 | keyboard_double_arrow_right | +2 | +3031 | Argentina | Áustria | 1 | 1.63 | x | 3.85 | 2 | 5.60,lottu|football|Internacional - Copa do Mundo|Argentina x Áustria|Resultado Final 1X2|Áustria
2026-06-19T13:26:09,lottu,França x Iraque,football,Internacional - Copa do Mundo,Resultado Final 1X2,França,1.11,https://www.lottu.bet.br/s/CLE?group_type=LEAGUE&identifier=sr:tournament:16&name=Copa%20do%20Mundo,22/06 18:00,,22/06 | 18:00 | keyboard_double_arrow_right | +2 | +3031 | França | Iraque | 1 | 1.11 | x | 9.29 | 2 | 26.50,lottu|football|Internacional - Copa do Mundo|França x Iraque|Resultado Final 1X2|França
2026-06-19T13:26:09,lottu,França x Iraque,football,Internacional - Copa do Mundo,Resultado Final 1X2,Empate,9.29,https://www.lottu.bet.br/s/CLE?group_type=LEAGUE&identifier=sr:tournament:16&name=Copa%20do%20Mundo,22/06 18:00,,22/06 | 18:00 | keyboard_double_arrow_right | +2 | +3031 | França | Iraque | 1 | 1.11 | x | 9.29 | 2 | 26.50,lottu|football|Internacional - Copa do Mundo|França x Iraque|Resultado Final 1X2|Empate
2026-06-19T13:26:09,lottu,França x Iraque,football,Internacional - Copa do Mundo,Resultado Final 1X2,Iraque,26.50,https://www.lottu.bet.br/s/CLE?group_type=LEAGUE&identifier=sr:tournament:16&name=Copa%20do%20Mundo,22/06 18:00,,22/06 | 18:00 | keyboard_double_arrow_right | +2 | +3031 | França | Iraque | 1 | 1.11 | x | 9.29 | 2 | 26.50,lottu|football|Internacional - Copa do Mundo|França x Iraque|Resultado Final 1X2|Iraque
2026-06-19T13:26:09,lottu,Noruega x Senegal,football,Internacional - Copa do Mundo,Resultado Final 1X2,Noruega,2.33,https://www.lottu.bet.br/s/CLE?group_type=LEAGUE&identifier=sr:tournament:16&name=Copa%20do%20Mundo,22/06 21:00,,22/06 | 21:00 | keyboard_double_arrow_right | +2 | +3080 | Noruega | Senegal | 1 | 2.33 | x | 3.44 | 2 | 3.04,lottu|football|Internacional - Copa do Mundo|Noruega x Senegal|Resultado Final 1X2|Noruega
2026-06-19T13:26:09,lottu,Noruega x Senegal,football,Internacional - Copa do Mundo,Resultado Final 1X2,Empate,3.44,https://www.lottu.bet.br/s/CLE?group_type=LEAGUE&identifier=sr:tournament:16&name=Copa%20do%20Mundo,22/06 21:00,,22/06 | 21:00 | keyboard_double_arrow_right | +2 | +3080 | Noruega | Senegal | 1 | 2.33 | x | 3.44 | 2 | 3.04,lottu|football|Internacional - Copa do Mundo|Noruega x Senegal|Resultado Final 1X2|Empate
2026-06-19T13:26:09,lottu,Noruega x Senegal,football,Internacional - Copa do Mundo,Resultado Final 1X2,Senegal,3.04,https://www.lottu.bet.br/s/CLE?group_type=LEAGUE&identifier=sr:tournament:16&name=Copa%20do%20Mundo,22/06 21:00,,22/06 | 21:00 | keyboard_double_arrow_right | +2 | +3080 | Noruega | Senegal | 1 | 2.33 | x | 3.44 | 2 | 3.04,lottu|football|Internacional - Copa do Mundo|Noruega x Senegal|Resultado Final 1X2|Senegal
2026-06-19T13:26:09,lottu,Jordânia x Argélia,football,Internacional - Copa do Mundo,Resultado Final 1X2,Jordânia,5.66,https://www.lottu.bet.br/s/CLE?group_type=LEAGUE&identifier=sr:tournament:16&name=Copa%20do%20Mundo,23/06 00:00,,23/06 | 00:00 | keyboard_double_arrow_right | +2 | +2961 | Jordânia | Argélia | 1 | 5.66 | x | 4.06 | 2 | 1.59,lottu|football|Internacional - Copa do Mundo|Jordânia x Argélia|Resultado Final 1X2|Jordânia
2026-06-19T13:26:09,lottu,Jordânia x Argélia,football,Internacional - Copa do Mundo,Resultado Final 1X2,Empate,4.06,https://www.lottu.bet.br/s/CLE?group_type=LEAGUE&identifier=sr:tournament:16&name=Copa%20do%20Mundo,23/06 00:00,,23/06 | 00:00 | keyboard_double_arrow_right | +2 | +2961 | Jordânia | Argélia | 1 | 5.66 | x | 4.06 | 2 | 1.59,lottu|football|Internacional - Copa do Mundo|Jordânia x Argélia|Resultado Final 1X2|Empate
2026-06-19T13:26:09,lottu,Jordânia x Argélia,football,Internacional - Copa do Mundo,Resultado Final 1X2,Argélia,1.59,https://www.lottu.bet.br/s/CLE?group_type=LEAGUE&identifier=sr:tournament:16&name=Copa%20do%20Mundo,23/06 00:00,,23/06 | 00:00 | keyboard_double_arrow_right | +2 | +2961 | Jordânia | Argélia | 1 | 5.66 | x | 4.06 | 2 | 1.59,lottu|football|Internacional - Copa do Mundo|Jordânia x Argélia|Resultado Final 1X2|Argélia
2026-06-19T13:26:09,lottu,Portugal x Uzbequistão,football,Internacional - Copa do Mundo,Resultado Final 1X2,Portugal,1.23,https://www.lottu.bet.br/s/CLE?group_type=LEAGUE&identifier=sr:tournament:16&name=Copa%20do%20Mundo,23/06 14:00,,23/06 | 14:00 | keyboard_double_arrow_right | +2 | +1238 | Portugal | Uzbequistão | 1 | 1.23 | x | 6.39 | 2 | 13.02,lottu|football|Internacional - Copa do Mundo|Portugal x Uzbequistão|Resultado Final 1X2|Portugal
2026-06-19T13:26:09,lottu,Portugal x Uzbequistão,football,Internacional - Copa do Mundo,Resultado Final 1X2,Empate,6.39,https://www.lottu.bet.br/s/CLE?group_type=LEAGUE&identifier=sr:tournament:16&name=Copa%20do%20Mundo,23/06 14:00,,23/06 | 14:00 | keyboard_double_arrow_right | +2 | +1238 | Portugal | Uzbequistão | 1 | 1.23 | x | 6.39 | 2 | 13.02,lottu|football|Internacional - Copa do Mundo|Portugal x Uzbequistão|Resultado Final 1X2|Empate
2026-06-19T13:26:09,lottu,Portugal x Uzbequistão,football,Internacional - Copa do Mundo,Resultado Final 1X2,Uzbequistão,13.02,https://www.lottu.bet.br/s/CLE?group_type=LEAGUE&identifier=sr:tournament:16&name=Copa%20do%20Mundo,23/06 14:00,,23/06 | 14:00 | keyboard_double_arrow_right | +2 | +1238 | Portugal | Uzbequistão | 1 | 1.23 | x | 6.39 | 2 | 13.02,lottu|football|Internacional - Copa do Mundo|Portugal x Uzbequistão|Resultado Final 1X2|Uzbequistão
2026-06-19T13:26:09,lottu,Inglaterra x Gana,football,Internacional - Copa do Mundo,Resultado Final 1X2,Inglaterra,1.23,https://www.lottu.bet.br/s/CLE?group_type=LEAGUE&identifier=sr:tournament:16&name=Copa%20do%20Mundo,23/06 17:00,,23/06 | 17:00 | keyboard_double_arrow_right | +2 | +1262 | Inglaterra | Gana | 1 | 1.23 | x | 6.32 | 2 | 13.12,lottu|football|Internacional - Copa do Mundo|Inglaterra x Gana|Resultado Final 1X2|Inglaterra
2026-06-19T13:26:09,lottu,Inglaterra x Gana,football,Internacional - Copa do Mundo,Resultado Final 1X2,Empate,6.32,https://www.lottu.bet.br/s/CLE?group_type=LEAGUE&identifier=sr:tournament:16&name=Copa%20do%20Mundo,23/06 17:00,,23/06 | 17:00 | keyboard_double_arrow_right | +2 | +1262 | Inglaterra | Gana | 1 | 1.23 | x | 6.32 | 2 | 13.12,lottu|football|Internacional - Copa do Mundo|Inglaterra x Gana|Resultado Final 1X2|Empate
2026-06-19T13:26:09,lottu,Inglaterra x Gana,football,Internacional - Copa do Mundo,Resultado Final 1X2,Gana,13.12,https://www.lottu.bet.br/s/CLE?group_type=LEAGUE&identifier=sr:tournament:16&name=Copa%20do%20Mundo,23/06 17:00,,23/06 | 17:00 | keyboard_double_arrow_right | +2 | +1262 | Inglaterra | Gana | 1 | 1.23 | x | 6.32 | 2 | 13.12,lottu|football|Internacional - Copa do Mundo|Inglaterra x Gana|Resultado Final 1X2|Gana
2026-06-19T13:26:09,lottu,Panamá x Croácia,football,Internacional - Copa do Mundo,Resultado Final 1X2,Panamá,6.36,https://www.lottu.bet.br/s/CLE?group_type=LEAGUE&identifier=sr:tournament:16&name=Copa%20do%20Mundo,23/06 20:00,,23/06 | 20:00 | keyboard_double_arrow_right | +2 | +1272 | Panamá | Croácia | 1 | 6.36 | x | 4.12 | 2 | 1.53,lottu|football|Internacional - Copa do Mundo|Panamá x Croácia|Resultado Final 1X2|Panamá
2026-06-19T13:26:09,lottu,Panamá x Croácia,football,Internacional - Copa do Mundo,Resultado Final 1X2,Empate,4.12,https://www.lottu.bet.br/s/CLE?group_type=LEAGUE&identifier=sr:tournament:16&name=Copa%20do%20Mundo,23/06 20:00,,23/06 | 20:00 | keyboard_double_arrow_right | +2 | +1272 | Panamá | Croácia | 1 | 6.36 | x | 4.12 | 2 | 1.53,lottu|football|Internacional - Copa do Mundo|Panamá x Croácia|Resultado Final 1X2|Empate
2026-06-19T13:26:09,lottu,Panamá x Croácia,football,Internacional - Copa do Mundo,Resultado Final 1X2,Croácia,1.53,https://www.lottu.bet.br/s/CLE?group_type=LEAGUE&identifier=sr:tournament:16&name=Copa%20do%20Mundo,23/06 20:00,,23/06 | 20:00 | keyboard_double_arrow_right | +2 | +1272 | Panamá | Croácia | 1 | 6.36 | x | 4.12 | 2 | 1.53,lottu|football|Internacional - Copa do Mundo|Panamá x Croácia|Resultado Final 1X2|Croácia
2026-06-19T13:26:09,lottu,Colômbia x RD Congo,football,Internacional - Copa do Mundo,Resultado Final 1X2,Colômbia,1.49,https://www.lottu.bet.br/s/CLE?group_type=LEAGUE&identifier=sr:tournament:16&name=Copa%20do%20Mundo,23/06 23:00,,23/06 | 23:00 | keyboard_double_arrow_right | +2 | +1253 | Colômbia | RD Congo | 1 | 1.49 | x | 4.19 | 2 | 7.09,lottu|football|Internacional - Copa do Mundo|Colômbia x RD Congo|Resultado Final 1X2|Colômbia
2026-06-19T13:26:09,lottu,Colômbia x RD Congo,football,Internacional - Copa do Mundo,Resultado Final 1X2,Empate,4.19,https://www.lottu.bet.br/s/CLE?group_type=LEAGUE&identifier=sr:tournament:16&name=Copa%20do%20Mundo,23/06 23:00,,23/06 | 23:00 | keyboard_double_arrow_right | +2 | +1253 | Colômbia | RD Congo | 1 | 1.49 | x | 4.19 | 2 | 7.09,lottu|football|Internacional - Copa do Mundo|Colômbia x RD Congo|Resultado Final 1X2|Empate
2026-06-19T13:26:09,lottu,Colômbia x RD Congo,football,Internacional - Copa do Mundo,Resultado Final 1X2,RD Congo,7.09,https://www.lottu.bet.br/s/CLE?group_type=LEAGUE&identifier=sr:tournament:16&name=Copa%20do%20Mundo,23/06 23:00,,23/06 | 23:00 | keyboard_double_arrow_right | +2 | +1253 | Colômbia | RD Congo | 1 | 1.49 | x | 4.19 | 2 | 7.09,lottu|football|Internacional - Copa do Mundo|Colômbia x RD Congo|Resultado Final 1X2|RD Congo
2026-06-19T13:26:09,lottu,Bósnia & Herzegovina x Qatar,football,Internacional - Copa do Mundo,Resultado Final 1X2,Bósnia & Herzegovina,1.43,https://www.lottu.bet.br/s/CLE?group_type=LEAGUE&identifier=sr:tournament:16&name=Copa%20do%20Mundo,24/06 16:00,,24/06 | 16:00 | keyboard_double_arrow_right | +2 | +676 | Bósnia & Herzegovina | Qatar | 1 | 1.43 | x | 4.89 | 2 | 6.94,lottu|football|Internacional - Copa do Mundo|Bósnia & Herzegovina x Qatar|Resultado Final 1X2|Bósnia & Herzegovina
2026-06-19T13:26:09,lottu,Bósnia & Herzegovina x Qatar,football,Internacional - Copa do Mundo,Resultado Final 1X2,Empate,4.89,https://www.lottu.bet.br/s/CLE?group_type=LEAGUE&identifier=sr:tournament:16&name=Copa%20do%20Mundo,24/06 16:00,,24/06 | 16:00 | keyboard_double_arrow_right | +2 | +676 | Bósnia & Herzegovina | Qatar | 1 | 1.43 | x | 4.89 | 2 | 6.94,lottu|football|Internacional - Copa do Mundo|Bósnia & Herzegovina x Qatar|Resultado Final 1X2|Empate
2026-06-19T13:26:09,lottu,Bósnia & Herzegovina x Qatar,football,Internacional - Copa do Mundo,Resultado Final 1X2,Qatar,6.94,https://www.lottu.bet.br/s/CLE?group_type=LEAGUE&identifier=sr:tournament:16&name=Copa%20do%20Mundo,24/06 16:00,,24/06 | 16:00 | keyboard_double_arrow_right | +2 | +676 | Bósnia & Herzegovina | Qatar | 1 | 1.43 | x | 4.89 | 2 | 6.94,lottu|football|Internacional - Copa do Mundo|Bósnia & Herzegovina x Qatar|Resultado Final 1X2|Qatar
2026-06-19T13:26:09,lottu,Suíça x Canadá,football,Internacional - Copa do Mundo,Resultado Final 1X2,Suíça,2.44,https://www.lottu.bet.br/s/CLE?group_type=LEAGUE&identifier=sr:tournament:16&name=Copa%20do%20Mundo,24/06 16:00,,24/06 | 16:00 | keyboard_double_arrow_right | +2 | +629 | Suíça | Canadá | 1 | 2.44 | x | 3.11 | 2 | 3.14,lottu|football|Internacional - Copa do Mundo|Suíça x Canadá|Resultado Final 1X2|Suíça
2026-06-19T13:26:09,lottu,Suíça x Canadá,football,Internacional - Copa do Mundo,Resultado Final 1X2,Empate,3.11,https://www.lottu.bet.br/s/CLE?group_type=LEAGUE&identifier=sr:tournament:16&name=Copa%20do%20Mundo,24/06 16:00,,24/06 | 16:00 | keyboard_double_arrow_right | +2 | +629 | Suíça | Canadá | 1 | 2.44 | x | 3.11 | 2 | 3.14,lottu|football|Internacional - Copa do Mundo|Suíça x Canadá|Resultado Final 1X2|Empate
2026-06-19T13:26:09,lottu,Suíça x Canadá,football,Internacional - Copa do Mundo,Resultado Final 1X2,Canadá,3.14,https://www.lottu.bet.br/s/CLE?group_type=LEAGUE&identifier=sr:tournament:16&name=Copa%20do%20Mundo,24/06 16:00,,24/06 | 16:00 | keyboard_double_arrow_right | +2 | +629 | Suíça | Canadá | 1 | 2.44 | x | 3.11 | 2 | 3.14,lottu|football|Internacional - Copa do Mundo|Suíça x Canadá|Resultado Final 1X2|Canadá
2026-06-19T13:26:09,lottu,Escócia x Brasil,football,Internacional - Copa do Mundo,Resultado Final 1X2,Escócia,7.11,https://www.lottu.bet.br/s/CLE?group_type=LEAGUE&identifier=sr:tournament:16&name=Copa%20do%20Mundo,24/06 19:00,,24/06 | 19:00 | keyboard_double_arrow_right | +2 | +439 | Escócia | Brasil | 1 | 7.11 | x | 4.61 | 2 | 1.45,lottu|football|Internacional - Copa do Mundo|Escócia x Brasil|Resultado Final 1X2|Escócia
2026-06-19T13:26:09,lottu,Escócia x Brasil,football,Internacional - Copa do Mundo,Resultado Final 1X2,Empate,4.61,https://www.lottu.bet.br/s/CLE?group_type=LEAGUE&identifier=sr:tournament:16&name=Copa%20do%20Mundo,24/06 19:00,,24/06 | 19:00 | keyboard_double_arrow_right | +2 | +439 | Escócia | Brasil | 1 | 7.11 | x | 4.61 | 2 | 1.45,lottu|football|Internacional - Copa do Mundo|Escócia x Brasil|Resultado Final 1X2|Empate
2026-06-19T13:26:09,lottu,Escócia x Brasil,football,Internacional - Copa do Mundo,Resultado Final 1X2,Brasil,1.45,https://www.lottu.bet.br/s/CLE?group_type=LEAGUE&identifier=sr:tournament:16&name=Copa%20do%20Mundo,24/06 19:00,,24/06 | 19:00 | keyboard_double_arrow_right | +2 | +439 | Escócia | Brasil | 1 | 7.11 | x | 4.61 | 2 | 1.45,lottu|football|Internacional - Copa do Mundo|Escócia x Brasil|Resultado Final 1X2|Brasil
2026-06-19T13:26:09,lottu,Marrocos x Haiti,football,Internacional - Copa do Mundo,Resultado Final 1X2,Marrocos,1.28,https://www.lottu.bet.br/s/CLE?group_type=LEAGUE&identifier=sr:tournament:16&name=Copa%20do%20Mundo,24/06 19:00,,24/06 | 19:00 | keyboard_double_arrow_right | +2 | +437 | Marrocos | Haiti | 1 | 1.28 | x | 5.88 | 2 | 10.25,lottu|football|Internacional - Copa do Mundo|Marrocos x Haiti|Resultado Final 1X2|Marrocos
2026-06-19T13:26:09,lottu,Marrocos x Haiti,football,Internacional - Copa do Mundo,Resultado Final 1X2,Empate,5.88,https://www.lottu.bet.br/s/CLE?group_type=LEAGUE&identifier=sr:tournament:16&name=Copa%20do%20Mundo,24/06 19:00,,24/06 | 19:00 | keyboard_double_arrow_right | +2 | +437 | Marrocos | Haiti | 1 | 1.28 | x | 5.88 | 2 | 10.25,lottu|football|Internacional - Copa do Mundo|Marrocos x Haiti|Resultado Final 1X2|Empate
2026-06-19T13:26:09,lottu,Marrocos x Haiti,football,Internacional - Copa do Mundo,Resultado Final 1X2,Haiti,10.25,https://www.lottu.bet.br/s/CLE?group_type=LEAGUE&identifier=sr:tournament:16&name=Copa%20do%20Mundo,24/06 19:00,,24/06 | 19:00 | keyboard_double_arrow_right | +2 | +437 | Marrocos | Haiti | 1 | 1.28 | x | 5.88 | 2 | 10.25,lottu|football|Internacional - Copa do Mundo|Marrocos x Haiti|Resultado Final 1X2|Haiti
2026-06-20T14:38:05Z,lottu,Holanda x Suécia,football,Internacional - Copa do Mundo,Resultado Final 1X2,Holanda,1.80,https://www.lottu.bet.br/s/CLE?group_type=LEAGUE&identifier=sr:tournament:16&name=Copa%20do%20Mundo,20/06 14:00,,20/06 | 14:00 | keyboard_double_arrow_right | +2 | +903 | Holanda | Suécia | 1 | 1.80 | x | 3.74 | 2 | 4.39,lottu|football|Internacional - Copa do Mundo|Holanda x Suécia|Resultado Final 1X2|Holanda
2026-06-20T14:38:05Z,lottu,Holanda x Suécia,football,Internacional - Copa do Mundo,Resultado Final 1X2,Empate,3.74,https://www.lottu.bet.br/s/CLE?group_type=LEAGUE&identifier=sr:tournament:16&name=Copa%20do%20Mundo,20/06 14:00,,20/06 | 14:00 | keyboard_double_arrow_right | +2 | +903 | Holanda | Suécia | 1 | 1.80 | x | 3.74 | 2 | 4.39,lottu|football|Internacional - Copa do Mundo|Holanda x Suécia|Resultado Final 1X2|Empate
2026-06-20T14:38:05Z,lottu,Holanda x Suécia,football,Internacional - Copa do Mundo,Resultado Final 1X2,Suécia,4.39,https://www.lottu.bet.br/s/CLE?group_type=LEAGUE&identifier=sr:tournament:16&name=Copa%20do%20Mundo,20/06 14:00,,20/06 | 14:00 | keyboard_double_arrow_right | +2 | +903 | Holanda | Suécia | 1 | 1.80 | x | 3.74 | 2 | 4.39,lottu|football|Internacional - Copa do Mundo|Holanda x Suécia|Resultado Final 1X2|Suécia
2026-06-20T14:38:05Z,lottu,Alemanha x Costa do Marfim,football,Internacional - Copa do Mundo,Resultado Final 1X2,Alemanha,1.53,https://www.lottu.bet.br/s/CLE?group_type=LEAGUE&identifier=sr:tournament:16&name=Copa%20do%20Mundo,20/06 17:00,,20/06 | 17:00 | keyboard_double_arrow_right | +2 | +956 | Alemanha | Costa do Marfim | 1 | 1.53 | x | 4.41 | 2 | 5.77,lottu|football|Internacional - Copa do Mundo|Alemanha x Costa do Marfim|Resultado Final 1X2|Alemanha
2026-06-20T14:38:05Z,lottu,Alemanha x Costa do Marfim,football,Internacional - Copa do Mundo,Resultado Final 1X2,Empate,4.41,https://www.lottu.bet.br/s/CLE?group_type=LEAGUE&identifier=sr:tournament:16&name=Copa%20do%20Mundo,20/06 17:00,,20/06 | 17:00 | keyboard_double_arrow_right | +2 | +956 | Alemanha | Costa do Marfim | 1 | 1.53 | x | 4.41 | 2 | 5.77,lottu|football|Internacional - Copa do Mundo|Alemanha x Costa do Marfim|Resultado Final 1X2|Empate
2026-06-20T14:38:05Z,lottu,Alemanha x Costa do Marfim,football,Internacional - Copa do Mundo,Resultado Final 1X2,Costa do Marfim,5.77,https://www.lottu.bet.br/s/CLE?group_type=LEAGUE&identifier=sr:tournament:16&name=Copa%20do%20Mundo,20/06 17:00,,20/06 | 17:00 | keyboard_double_arrow_right | +2 | +956 | Alemanha | Costa do Marfim | 1 | 1.53 | x | 4.41 | 2 | 5.77,lottu|football|Internacional - Copa do Mundo|Alemanha x Costa do Marfim|Resultado Final 1X2|Costa do Marfim
2026-06-20T14:38:05Z,lottu,Equador x Curaçao,football,Internacional - Copa do Mundo,Resultado Final 1X2,Equador,1.16,https://www.lottu.bet.br/s/CLE?group_type=LEAGUE&identifier=sr:tournament:16&name=Copa%20do%20Mundo,20/06 21:00,,20/06 | 21:00 | keyboard_double_arrow_right | +2 | +956 | Equador | Curaçao | 1 | 1.16 | x | 7.47 | 2 | 18.70,lottu|football|Internacional - Copa do Mundo|Equador x Curaçao|Resultado Final 1X2|Equador
2026-06-20T14:38:05Z,lottu,Equador x Curaçao,football,Internacional - Copa do Mundo,Resultado Final 1X2,Empate,7.47,https://www.lottu.bet.br/s/CLE?group_type=LEAGUE&identifier=sr:tournament:16&name=Copa%20do%20Mundo,20/06 21:00,,20/06 | 21:00 | keyboard_double_arrow_right | +2 | +956 | Equador | Curaçao | 1 | 1.16 | x | 7.47 | 2 | 18.70,lottu|football|Internacional - Copa do Mundo|Equador x Curaçao|Resultado Final 1X2|Empate
2026-06-20T14:38:05Z,lottu,Equador x Curaçao,football,Internacional - Copa do Mundo,Resultado Final 1X2,Curaçao,18.70,https://www.lottu.bet.br/s/CLE?group_type=LEAGUE&identifier=sr:tournament:16&name=Copa%20do%20Mundo,20/06 21:00,,20/06 | 21:00 | keyboard_double_arrow_right | +2 | +956 | Equador | Curaçao | 1 | 1.16 | x | 7.47 | 2 | 18.70,lottu|football|Internacional - Copa do Mundo|Equador x Curaçao|Resultado Final 1X2|Curaçao
2026-06-20T14:38:05Z,lottu,Tunísia x Japão,football,Internacional - Copa do Mundo,Resultado Final 1X2,Tunísia,5.93,https://www.lottu.bet.br/s/CLE?group_type=LEAGUE&identifier=sr:tournament:16&name=Copa%20do%20Mundo,21/06 01:00,,21/06 | 01:00 | keyboard_double_arrow_right | +2 | +928 | Tunísia | Japão | 1 | 5.93 | x | 3.76 | 2 | 1.62,lottu|football|Internacional - Copa do Mundo|Tunísia x Japão|Resultado Final 1X2|Tunísia
2026-06-20T14:38:05Z,lottu,Tunísia x Japão,football,Internacional - Copa do Mundo,Resultado Final 1X2,Empate,3.76,https://www.lottu.bet.br/s/CLE?group_type=LEAGUE&identifier=sr:tournament:16&name=Copa%20do%20Mundo,21/06 01:00,,21/06 | 01:00 | keyboard_double_arrow_right | +2 | +928 | Tunísia | Japão | 1 | 5.93 | x | 3.76 | 2 | 1.62,lottu|football|Internacional - Copa do Mundo|Tunísia x Japão|Resultado Final 1X2|Empate
2026-06-20T14:38:05Z,lottu,Tunísia x Japão,football,Internacional - Copa do Mundo,Resultado Final 1X2,Japão,1.62,https://www.lottu.bet.br/s/CLE?group_type=LEAGUE&identifier=sr:tournament:16&name=Copa%20do%20Mundo,21/06 01:00,,21/06 | 01:00 | keyboard_double_arrow_right | +2 | +928 | Tunísia | Japão | 1 | 5.93 | x | 3.76 | 2 | 1.62,lottu|football|Internacional - Copa do Mundo|Tunísia x Japão|Resultado Final 1X2|Japão
2026-06-20T14:38:05Z,lottu,Espanha x Arábia Saudita,football,Internacional - Copa do Mundo,Resultado Final 1X2,Espanha,1.14,https://www.lottu.bet.br/s/CLE?group_type=LEAGUE&identifier=sr:tournament:16&name=Copa%20do%20Mundo,21/06 13:00,,21/06 | 13:00 | keyboard_double_arrow_right | +2 | +887 | Espanha | Arábia Saudita | 1 | 1.14 | x | 7.88 | 2 | 22.11,lottu|football|Internacional - Copa do Mundo|Espanha x Arábia Saudita|Resultado Final 1X2|Espanha
2026-06-20T14:38:05Z,lottu,Espanha x Arábia Saudita,football,Internacional - Copa do Mundo,Resultado Final 1X2,Empate,7.88,https://www.lottu.bet.br/s/CLE?group_type=LEAGUE&identifier=sr:tournament:16&name=Copa%20do%20Mundo,21/06 13:00,,21/06 | 13:00 | keyboard_double_arrow_right | +2 | +887 | Espanha | Arábia Saudita | 1 | 1.14 | x | 7.88 | 2 | 22.11,lottu|football|Internacional - Copa do Mundo|Espanha x Arábia Saudita|Resultado Final 1X2|Empate
2026-06-20T14:38:05Z,lottu,Espanha x Arábia Saudita,football,Internacional - Copa do Mundo,Resultado Final 1X2,Arábia Saudita,22.11,https://www.lottu.bet.br/s/CLE?group_type=LEAGUE&identifier=sr:tournament:16&name=Copa%20do%20Mundo,21/06 13:00,,21/06 | 13:00 | keyboard_double_arrow_right | +2 | +887 | Espanha | Arábia Saudita | 1 | 1.14 | x | 7.88 | 2 | 22.11,lottu|football|Internacional - Copa do Mundo|Espanha x Arábia Saudita|Resultado Final 1X2|Arábia Saudita
2026-06-20T14:38:05Z,lottu,Bélgica x Irã,football,Internacional - Copa do Mundo,Resultado Final 1X2,Bélgica,1.49,https://www.lottu.bet.br/s/CLE?group_type=LEAGUE&identifier=sr:tournament:16&name=Copa%20do%20Mundo,21/06 16:00,,21/06 | 16:00 | keyboard_double_arrow_right | +2 | +879 | Bélgica | Irã | 1 | 1.49 | x | 4.31 | 2 | 6.70,lottu|football|Internacional - Copa do Mundo|Bélgica x Irã|Resultado Final 1X2|Bélgica
2026-06-20T14:38:05Z,lottu,Bélgica x Irã,football,Internacional - Copa do Mundo,Resultado Final 1X2,Empate,4.31,https://www.lottu.bet.br/s/CLE?group_type=LEAGUE&identifier=sr:tournament:16&name=Copa%20do%20Mundo,21/06 16:00,,21/06 | 16:00 | keyboard_double_arrow_right | +2 | +879 | Bélgica | Irã | 1 | 1.49 | x | 4.31 | 2 | 6.70,lottu|football|Internacional - Copa do Mundo|Bélgica x Irã|Resultado Final 1X2|Empate
2026-06-20T14:38:05Z,lottu,Bélgica x Irã,football,Internacional - Copa do Mundo,Resultado Final 1X2,Irã,6.70,https://www.lottu.bet.br/s/CLE?group_type=LEAGUE&identifier=sr:tournament:16&name=Copa%20do%20Mundo,21/06 16:00,,21/06 | 16:00 | keyboard_double_arrow_right | +2 | +879 | Bélgica | Irã | 1 | 1.49 | x | 4.31 | 2 | 6.70,lottu|football|Internacional - Copa do Mundo|Bélgica x Irã|Resultado Final 1X2|Irã
2026-06-20T14:38:05Z,lottu,Uruguai x Cabo Verde,football,Internacional - Copa do Mundo,Resultado Final 1X2,Uruguai,1.51,https://www.lottu.bet.br/s/CLE?group_type=LEAGUE&identifier=sr:tournament:16&name=Copa%20do%20Mundo,21/06 19:00,,21/06 | 19:00 | keyboard_double_arrow_right | +2 | +855 | Uruguai | Cabo Verde | 1 | 1.51 | x | 3.89 | 2 | 7.50,lottu|football|Internacional - Copa do Mundo|Uruguai x Cabo Verde|Resultado Final 1X2|Uruguai
2026-06-20T14:38:05Z,lottu,Uruguai x Cabo Verde,football,Internacional - Copa do Mundo,Resultado Final 1X2,Empate,3.89,https://www.lottu.bet.br/s/CLE?group_type=LEAGUE&identifier=sr:tournament:16&name=Copa%20do%20Mundo,21/06 19:00,,21/06 | 19:00 | keyboard_double_arrow_right | +2 | +855 | Uruguai | Cabo Verde | 1 | 1.51 | x | 3.89 | 2 | 7.50,lottu|football|Internacional - Copa do Mundo|Uruguai x Cabo Verde|Resultado Final 1X2|Empate
2026-06-20T14:38:05Z,lottu,Uruguai x Cabo Verde,football,Internacional - Copa do Mundo,Resultado Final 1X2,Cabo Verde,7.50,https://www.lottu.bet.br/s/CLE?group_type=LEAGUE&identifier=sr:tournament:16&name=Copa%20do%20Mundo,21/06 19:00,,21/06 | 19:00 | keyboard_double_arrow_right | +2 | +855 | Uruguai | Cabo Verde | 1 | 1.51 | x | 3.89 | 2 | 7.50,lottu|football|Internacional - Copa do Mundo|Uruguai x Cabo Verde|Resultado Final 1X2|Cabo Verde
2026-06-20T14:38:05Z,lottu,Nova Zelândia x Egito,football,Internacional - Copa do Mundo,Resultado Final 1X2,Nova Zelândia,5.37,https://www.lottu.bet.br/s/CLE?group_type=LEAGUE&identifier=sr:tournament:16&name=Copa%20do%20Mundo,21/06 22:00,,21/06 | 22:00 | keyboard_double_arrow_right | +2 | +866 | Nova Zelândia | Egito | 1 | 5.37 | x | 3.75 | 2 | 1.67,lottu|football|Internacional - Copa do Mundo|Nova Zelândia x Egito|Resultado Final 1X2|Nova Zelândia
2026-06-20T14:38:05Z,lottu,Nova Zelândia x Egito,football,Internacional - Copa do Mundo,Resultado Final 1X2,Empate,3.75,https://www.lottu.bet.br/s/CLE?group_type=LEAGUE&identifier=sr:tournament:16&name=Copa%20do%20Mundo,21/06 22:00,,21/06 | 22:00 | keyboard_double_arrow_right | +2 | +866 | Nova Zelândia | Egito | 1 | 5.37 | x | 3.75 | 2 | 1.67,lottu|football|Internacional - Copa do Mundo|Nova Zelândia x Egito|Resultado Final 1X2|Empate
2026-06-20T14:38:05Z,lottu,Nova Zelândia x Egito,football,Internacional - Copa do Mundo,Resultado Final 1X2,Egito,1.67,https://www.lottu.bet.br/s/CLE?group_type=LEAGUE&identifier=sr:tournament:16&name=Copa%20do%20Mundo,21/06 22:00,,21/06 | 22:00 | keyboard_double_arrow_right | +2 | +866 | Nova Zelândia | Egito | 1 | 5.37 | x | 3.75 | 2 | 1.67,lottu|football|Internacional - Copa do Mundo|Nova Zelândia x Egito|Resultado Final 1X2|Egito
2026-06-20T14:38:05Z,lottu,Argentina x Áustria,football,Internacional - Copa do Mundo,Resultado Final 1X2,Argentina,1.62,https://www.lottu.bet.br/s/CLE?group_type=LEAGUE&identifier=sr:tournament:16&name=Copa%20do%20Mundo,22/06 14:00,,22/06 | 14:00 | keyboard_double_arrow_right | +2 | +826 | Argentina | Áustria | 1 | 1.62 | x | 3.88 | 2 | 5.65,lottu|football|Internacional - Copa do Mundo|Argentina x Áustria|Resultado Final 1X2|Argentina
2026-06-20T14:38:05Z,lottu,Argentina x Áustria,football,Internacional - Copa do Mundo,Resultado Final 1X2,Empate,3.88,https://www.lottu.bet.br/s/CLE?group_type=LEAGUE&identifier=sr:tournament:16&name=Copa%20do%20Mundo,22/06 14:00,,22/06 | 14:00 | keyboard_double_arrow_right | +2 | +826 | Argentina | Áustria | 1 | 1.62 | x | 3.88 | 2 | 5.65,lottu|football|Internacional - Copa do Mundo|Argentina x Áustria|Resultado Final 1X2|Empate
2026-06-20T14:38:05Z,lottu,Argentina x Áustria,football,Internacional - Copa do Mundo,Resultado Final 1X2,Áustria,5.65,https://www.lottu.bet.br/s/CLE?group_type=LEAGUE&identifier=sr:tournament:16&name=Copa%20do%20Mundo,22/06 14:00,,22/06 | 14:00 | keyboard_double_arrow_right | +2 | +826 | Argentina | Áustria | 1 | 1.62 | x | 3.88 | 2 | 5.65,lottu|football|Internacional - Copa do Mundo|Argentina x Áustria|Resultado Final 1X2|Áustria
2026-06-20T14:38:05Z,lottu,França x Iraque,football,Internacional - Copa do Mundo,Resultado Final 1X2,França,1.13,https://www.lottu.bet.br/s/CLE?group_type=LEAGUE&identifier=sr:tournament:16&name=Copa%20do%20Mundo,22/06 18:00,,22/06 | 18:00 | keyboard_double_arrow_right | +2 | +838 | França | Iraque | 1 | 1.13 | x | 8.33 | 2 | 22.58,lottu|football|Internacional - Copa do Mundo|França x Iraque|Resultado Final 1X2|França
2026-06-20T14:38:05Z,lottu,França x Iraque,football,Internacional - Copa do Mundo,Resultado Final 1X2,Empate,8.33,https://www.lottu.bet.br/s/CLE?group_type=LEAGUE&identifier=sr:tournament:16&name=Copa%20do%20Mundo,22/06 18:00,,22/06 | 18:00 | keyboard_double_arrow_right | +2 | +838 | França | Iraque | 1 | 1.13 | x | 8.33 | 2 | 22.58,lottu|football|Internacional - Copa do Mundo|França x Iraque|Resultado Final 1X2|Empate
2026-06-20T14:38:05Z,lottu,França x Iraque,football,Internacional - Copa do Mundo,Resultado Final 1X2,Iraque,22.58,https://www.lottu.bet.br/s/CLE?group_type=LEAGUE&identifier=sr:tournament:16&name=Copa%20do%20Mundo,22/06 18:00,,22/06 | 18:00 | keyboard_double_arrow_right | +2 | +838 | França | Iraque | 1 | 1.13 | x | 8.33 | 2 | 22.58,lottu|football|Internacional - Copa do Mundo|França x Iraque|Resultado Final 1X2|Iraque
2026-06-20T14:38:05Z,lottu,Noruega x Senegal,football,Internacional - Copa do Mundo,Resultado Final 1X2,Noruega,2.27,https://www.lottu.bet.br/s/CLE?group_type=LEAGUE&identifier=sr:tournament:16&name=Copa%20do%20Mundo,22/06 21:00,,22/06 | 21:00 | keyboard_double_arrow_right | +2 | +838 | Noruega | Senegal | 1 | 2.27 | x | 3.46 | 2 | 3.13,lottu|football|Internacional - Copa do Mundo|Noruega x Senegal|Resultado Final 1X2|Noruega
2026-06-20T14:38:05Z,lottu,Noruega x Senegal,football,Internacional - Copa do Mundo,Resultado Final 1X2,Empate,3.46,https://www.lottu.bet.br/s/CLE?group_type=LEAGUE&identifier=sr:tournament:16&name=Copa%20do%20Mundo,22/06 21:00,,22/06 | 21:00 | keyboard_double_arrow_right | +2 | +838 | Noruega | Senegal | 1 | 2.27 | x | 3.46 | 2 | 3.13,lottu|football|Internacional - Copa do Mundo|Noruega x Senegal|Resultado Final 1X2|Empate
2026-06-20T14:38:05Z,lottu,Noruega x Senegal,football,Internacional - Copa do Mundo,Resultado Final 1X2,Senegal,3.13,https://www.lottu.bet.br/s/CLE?group_type=LEAGUE&identifier=sr:tournament:16&name=Copa%20do%20Mundo,22/06 21:00,,22/06 | 21:00 | keyboard_double_arrow_right | +2 | +838 | Noruega | Senegal | 1 | 2.27 | x | 3.46 | 2 | 3.13,lottu|football|Internacional - Copa do Mundo|Noruega x Senegal|Resultado Final 1X2|Senegal
2026-06-20T14:38:05Z,lottu,Jordânia x Argélia,football,Internacional - Copa do Mundo,Resultado Final 1X2,Jordânia,5.54,https://www.lottu.bet.br/s/CLE?group_type=LEAGUE&identifier=sr:tournament:16&name=Copa%20do%20Mundo,23/06 00:00,,23/06 | 00:00 | keyboard_double_arrow_right | +2 | +826 | Jordânia | Argélia | 1 | 5.54 | x | 3.93 | 2 | 1.62,lottu|football|Internacional - Copa do Mundo|Jordânia x Argélia|Resultado Final 1X2|Jordânia
2026-06-20T14:38:05Z,lottu,Jordânia x Argélia,football,Internacional - Copa do Mundo,Resultado Final 1X2,Empate,3.93,https://www.lottu.bet.br/s/CLE?group_type=LEAGUE&identifier=sr:tournament:16&name=Copa%20do%20Mundo,23/06 00:00,,23/06 | 00:00 | keyboard_double_arrow_right | +2 | +826 | Jordânia | Argélia | 1 | 5.54 | x | 3.93 | 2 | 1.62,lottu|football|Internacional - Copa do Mundo|Jordânia x Argélia|Resultado Final 1X2|Empate
2026-06-20T14:38:05Z,lottu,Jordânia x Argélia,football,Internacional - Copa do Mundo,Resultado Final 1X2,Argélia,1.62,https://www.lottu.bet.br/s/CLE?group_type=LEAGUE&identifier=sr:tournament:16&name=Copa%20do%20Mundo,23/06 00:00,,23/06 | 00:00 | keyboard_double_arrow_right | +2 | +826 | Jordânia | Argélia | 1 | 5.54 | x | 3.93 | 2 | 1.62,lottu|football|Internacional - Copa do Mundo|Jordânia x Argélia|Resultado Final 1X2|Argélia
2026-06-20T14:52:02Z,lottu,Holanda x Suécia,football,Internacional - Copa do Mundo,Resultado Final 1X2,Holanda,1.80,https://www.lottu.bet.br/s/CLE?group_type=LEAGUE&identifier=sr:tournament:16&name=Copa%20do%20Mundo,20/06 14:00,,20/06 | 14:00 | keyboard_double_arrow_right | +2 | +903 | Holanda | Suécia | 1 | 1.80 | x | 3.83 | 2 | 4.27,lottu|football|Internacional - Copa do Mundo|Holanda x Suécia|Resultado Final 1X2|Holanda
2026-06-20T14:52:02Z,lottu,Holanda x Suécia,football,Internacional - Copa do Mundo,Resultado Final 1X2,Empate,3.83,https://www.lottu.bet.br/s/CLE?group_type=LEAGUE&identifier=sr:tournament:16&name=Copa%20do%20Mundo,20/06 14:00,,20/06 | 14:00 | keyboard_double_arrow_right | +2 | +903 | Holanda | Suécia | 1 | 1.80 | x | 3.83 | 2 | 4.27,lottu|football|Internacional - Copa do Mundo|Holanda x Suécia|Resultado Final 1X2|Empate
2026-06-20T14:52:02Z,lottu,Holanda x Suécia,football,Internacional - Copa do Mundo,Resultado Final 1X2,Suécia,4.27,https://www.lottu.bet.br/s/CLE?group_type=LEAGUE&identifier=sr:tournament:16&name=Copa%20do%20Mundo,20/06 14:00,,20/06 | 14:00 | keyboard_double_arrow_right | +2 | +903 | Holanda | Suécia | 1 | 1.80 | x | 3.83 | 2 | 4.27,lottu|football|Internacional - Copa do Mundo|Holanda x Suécia|Resultado Final 1X2|Suécia
2026-06-20T14:52:02Z,lottu,Alemanha x Costa do Marfim,football,Internacional - Copa do Mundo,Resultado Final 1X2,Alemanha,1.53,https://www.lottu.bet.br/s/CLE?group_type=LEAGUE&identifier=sr:tournament:16&name=Copa%20do%20Mundo,20/06 17:00,,20/06 | 17:00 | keyboard_double_arrow_right | +2 | +956 | Alemanha | Costa do Marfim | 1 | 1.53 | x | 4.41 | 2 | 5.77,lottu|football|Internacional - Copa do Mundo|Alemanha x Costa do Marfim|Resultado Final 1X2|Alemanha
2026-06-20T14:52:02Z,lottu,Alemanha x Costa do Marfim,football,Internacional - Copa do Mundo,Resultado Final 1X2,Empate,4.41,https://www.lottu.bet.br/s/CLE?group_type=LEAGUE&identifier=sr:tournament:16&name=Copa%20do%20Mundo,20/06 17:00,,20/06 | 17:00 | keyboard_double_arrow_right | +2 | +956 | Alemanha | Costa do Marfim | 1 | 1.53 | x | 4.41 | 2 | 5.77,lottu|football|Internacional - Copa do Mundo|Alemanha x Costa do Marfim|Resultado Final 1X2|Empate
2026-06-20T14:52:02Z,lottu,Alemanha x Costa do Marfim,football,Internacional - Copa do Mundo,Resultado Final 1X2,Costa do Marfim,5.77,https://www.lottu.bet.br/s/CLE?group_type=LEAGUE&identifier=sr:tournament:16&name=Copa%20do%20Mundo,20/06 17:00,,20/06 | 17:00 | keyboard_double_arrow_right | +2 | +956 | Alemanha | Costa do Marfim | 1 | 1.53 | x | 4.41 | 2 | 5.77,lottu|football|Internacional - Copa do Mundo|Alemanha x Costa do Marfim|Resultado Final 1X2|Costa do Marfim
2026-06-20T14:52:02Z,lottu,Equador x Curaçao,football,Internacional - Copa do Mundo,Resultado Final 1X2,Equador,1.16,https://www.lottu.bet.br/s/CLE?group_type=LEAGUE&identifier=sr:tournament:16&name=Copa%20do%20Mundo,20/06 21:00,,20/06 | 21:00 | keyboard_double_arrow_right | +2 | +956 | Equador | Curaçao | 1 | 1.16 | x | 7.47 | 2 | 18.70,lottu|football|Internacional - Copa do Mundo|Equador x Curaçao|Resultado Final 1X2|Equador
2026-06-20T14:52:02Z,lottu,Equador x Curaçao,football,Internacional - Copa do Mundo,Resultado Final 1X2,Empate,7.47,https://www.lottu.bet.br/s/CLE?group_type=LEAGUE&identifier=sr:tournament:16&name=Copa%20do%20Mundo,20/06 21:00,,20/06 | 21:00 | keyboard_double_arrow_right | +2 | +956 | Equador | Curaçao | 1 | 1.16 | x | 7.47 | 2 | 18.70,lottu|football|Internacional - Copa do Mundo|Equador x Curaçao|Resultado Final 1X2|Empate
2026-06-20T14:52:02Z,lottu,Equador x Curaçao,football,Internacional - Copa do Mundo,Resultado Final 1X2,Curaçao,18.70,https://www.lottu.bet.br/s/CLE?group_type=LEAGUE&identifier=sr:tournament:16&name=Copa%20do%20Mundo,20/06 21:00,,20/06 | 21:00 | keyboard_double_arrow_right | +2 | +956 | Equador | Curaçao | 1 | 1.16 | x | 7.47 | 2 | 18.70,lottu|football|Internacional - Copa do Mundo|Equador x Curaçao|Resultado Final 1X2|Curaçao
2026-06-20T14:52:02Z,lottu,Tunísia x Japão,football,Internacional - Copa do Mundo,Resultado Final 1X2,Tunísia,5.93,https://www.lottu.bet.br/s/CLE?group_type=LEAGUE&identifier=sr:tournament:16&name=Copa%20do%20Mundo,21/06 01:00,,21/06 | 01:00 | keyboard_double_arrow_right | +2 | +928 | Tunísia | Japão | 1 | 5.93 | x | 3.76 | 2 | 1.62,lottu|football|Internacional - Copa do Mundo|Tunísia x Japão|Resultado Final 1X2|Tunísia
2026-06-20T14:52:02Z,lottu,Tunísia x Japão,football,Internacional - Copa do Mundo,Resultado Final 1X2,Empate,3.76,https://www.lottu.bet.br/s/CLE?group_type=LEAGUE&identifier=sr:tournament:16&name=Copa%20do%20Mundo,21/06 01:00,,21/06 | 01:00 | keyboard_double_arrow_right | +2 | +928 | Tunísia | Japão | 1 | 5.93 | x | 3.76 | 2 | 1.62,lottu|football|Internacional - Copa do Mundo|Tunísia x Japão|Resultado Final 1X2|Empate
2026-06-20T14:52:02Z,lottu,Tunísia x Japão,football,Internacional - Copa do Mundo,Resultado Final 1X2,Japão,1.62,https://www.lottu.bet.br/s/CLE?group_type=LEAGUE&identifier=sr:tournament:16&name=Copa%20do%20Mundo,21/06 01:00,,21/06 | 01:00 | keyboard_double_arrow_right | +2 | +928 | Tunísia | Japão | 1 | 5.93 | x | 3.76 | 2 | 1.62,lottu|football|Internacional - Copa do Mundo|Tunísia x Japão|Resultado Final 1X2|Japão
2026-06-20T14:52:02Z,lottu,Espanha x Arábia Saudita,football,Internacional - Copa do Mundo,Resultado Final 1X2,Espanha,1.14,https://www.lottu.bet.br/s/CLE?group_type=LEAGUE&identifier=sr:tournament:16&name=Copa%20do%20Mundo,21/06 13:00,,21/06 | 13:00 | keyboard_double_arrow_right | +2 | +887 | Espanha | Arábia Saudita | 1 | 1.14 | x | 7.88 | 2 | 22.11,lottu|football|Internacional - Copa do Mundo|Espanha x Arábia Saudita|Resultado Final 1X2|Espanha
2026-06-20T14:52:02Z,lottu,Espanha x Arábia Saudita,football,Internacional - Copa do Mundo,Resultado Final 1X2,Empate,7.88,https://www.lottu.bet.br/s/CLE?group_type=LEAGUE&identifier=sr:tournament:16&name=Copa%20do%20Mundo,21/06 13:00,,21/06 | 13:00 | keyboard_double_arrow_right | +2 | +887 | Espanha | Arábia Saudita | 1 | 1.14 | x | 7.88 | 2 | 22.11,lottu|football|Internacional - Copa do Mundo|Espanha x Arábia Saudita|Resultado Final 1X2|Empate
2026-06-20T14:52:02Z,lottu,Espanha x Arábia Saudita,football,Internacional - Copa do Mundo,Resultado Final 1X2,Arábia Saudita,22.11,https://www.lottu.bet.br/s/CLE?group_type=LEAGUE&identifier=sr:tournament:16&name=Copa%20do%20Mundo,21/06 13:00,,21/06 | 13:00 | keyboard_double_arrow_right | +2 | +887 | Espanha | Arábia Saudita | 1 | 1.14 | x | 7.88 | 2 | 22.11,lottu|football|Internacional - Copa do Mundo|Espanha x Arábia Saudita|Resultado Final 1X2|Arábia Saudita
2026-06-20T14:52:02Z,lottu,Bélgica x Irã,football,Internacional - Copa do Mundo,Resultado Final 1X2,Bélgica,1.49,https://www.lottu.bet.br/s/CLE?group_type=LEAGUE&identifier=sr:tournament:16&name=Copa%20do%20Mundo,21/06 16:00,,21/06 | 16:00 | keyboard_double_arrow_right | +2 | +879 | Bélgica | Irã | 1 | 1.49 | x | 4.31 | 2 | 6.70,lottu|football|Internacional - Copa do Mundo|Bélgica x Irã|Resultado Final 1X2|Bélgica
2026-06-20T14:52:02Z,lottu,Bélgica x Irã,football,Internacional - Copa do Mundo,Resultado Final 1X2,Empate,4.31,https://www.lottu.bet.br/s/CLE?group_type=LEAGUE&identifier=sr:tournament:16&name=Copa%20do%20Mundo,21/06 16:00,,21/06 | 16:00 | keyboard_double_arrow_right | +2 | +879 | Bélgica | Irã | 1 | 1.49 | x | 4.31 | 2 | 6.70,lottu|football|Internacional - Copa do Mundo|Bélgica x Irã|Resultado Final 1X2|Empate
2026-06-20T14:52:02Z,lottu,Bélgica x Irã,football,Internacional - Copa do Mundo,Resultado Final 1X2,Irã,6.70,https://www.lottu.bet.br/s/CLE?group_type=LEAGUE&identifier=sr:tournament:16&name=Copa%20do%20Mundo,21/06 16:00,,21/06 | 16:00 | keyboard_double_arrow_right | +2 | +879 | Bélgica | Irã | 1 | 1.49 | x | 4.31 | 2 | 6.70,lottu|football|Internacional - Copa do Mundo|Bélgica x Irã|Resultado Final 1X2|Irã
2026-06-20T14:52:02Z,lottu,Uruguai x Cabo Verde,football,Internacional - Copa do Mundo,Resultado Final 1X2,Uruguai,1.51,https://www.lottu.bet.br/s/CLE?group_type=LEAGUE&identifier=sr:tournament:16&name=Copa%20do%20Mundo,21/06 19:00,,21/06 | 19:00 | keyboard_double_arrow_right | +2 | +855 | Uruguai | Cabo Verde | 1 | 1.51 | x | 3.89 | 2 | 7.50,lottu|football|Internacional - Copa do Mundo|Uruguai x Cabo Verde|Resultado Final 1X2|Uruguai
2026-06-20T14:52:02Z,lottu,Uruguai x Cabo Verde,football,Internacional - Copa do Mundo,Resultado Final 1X2,Empate,3.89,https://www.lottu.bet.br/s/CLE?group_type=LEAGUE&identifier=sr:tournament:16&name=Copa%20do%20Mundo,21/06 19:00,,21/06 | 19:00 | keyboard_double_arrow_right | +2 | +855 | Uruguai | Cabo Verde | 1 | 1.51 | x | 3.89 | 2 | 7.50,lottu|football|Internacional - Copa do Mundo|Uruguai x Cabo Verde|Resultado Final 1X2|Empate
2026-06-20T14:52:02Z,lottu,Uruguai x Cabo Verde,football,Internacional - Copa do Mundo,Resultado Final 1X2,Cabo Verde,7.50,https://www.lottu.bet.br/s/CLE?group_type=LEAGUE&identifier=sr:tournament:16&name=Copa%20do%20Mundo,21/06 19:00,,21/06 | 19:00 | keyboard_double_arrow_right | +2 | +855 | Uruguai | Cabo Verde | 1 | 1.51 | x | 3.89 | 2 | 7.50,lottu|football|Internacional - Copa do Mundo|Uruguai x Cabo Verde|Resultado Final 1X2|Cabo Verde
2026-06-20T14:52:02Z,lottu,Nova Zelândia x Egito,football,Internacional - Copa do Mundo,Resultado Final 1X2,Nova Zelândia,5.37,https://www.lottu.bet.br/s/CLE?group_type=LEAGUE&identifier=sr:tournament:16&name=Copa%20do%20Mundo,21/06 22:00,,21/06 | 22:00 | keyboard_double_arrow_right | +2 | +866 | Nova Zelândia | Egito | 1 | 5.37 | x | 3.75 | 2 | 1.67,lottu|football|Internacional - Copa do Mundo|Nova Zelândia x Egito|Resultado Final 1X2|Nova Zelândia
2026-06-20T14:52:02Z,lottu,Nova Zelândia x Egito,football,Internacional - Copa do Mundo,Resultado Final 1X2,Empate,3.75,https://www.lottu.bet.br/s/CLE?group_type=LEAGUE&identifier=sr:tournament:16&name=Copa%20do%20Mundo,21/06 22:00,,21/06 | 22:00 | keyboard_double_arrow_right | +2 | +866 | Nova Zelândia | Egito | 1 | 5.37 | x | 3.75 | 2 | 1.67,lottu|football|Internacional - Copa do Mundo|Nova Zelândia x Egito|Resultado Final 1X2|Empate
2026-06-20T14:52:02Z,lottu,Nova Zelândia x Egito,football,Internacional - Copa do Mundo,Resultado Final 1X2,Egito,1.67,https://www.lottu.bet.br/s/CLE?group_type=LEAGUE&identifier=sr:tournament:16&name=Copa%20do%20Mundo,21/06 22:00,,21/06 | 22:00 | keyboard_double_arrow_right | +2 | +866 | Nova Zelândia | Egito | 1 | 5.37 | x | 3.75 | 2 | 1.67,lottu|football|Internacional - Copa do Mundo|Nova Zelândia x Egito|Resultado Final 1X2|Egito
2026-06-20T14:52:02Z,lottu,Argentina x Áustria,football,Internacional - Copa do Mundo,Resultado Final 1X2,Argentina,1.62,https://www.lottu.bet.br/s/CLE?group_type=LEAGUE&identifier=sr:tournament:16&name=Copa%20do%20Mundo,22/06 14:00,,22/06 | 14:00 | keyboard_double_arrow_right | +2 | +826 | Argentina | Áustria | 1 | 1.62 | x | 3.88 | 2 | 5.65,lottu|football|Internacional - Copa do Mundo|Argentina x Áustria|Resultado Final 1X2|Argentina
2026-06-20T14:52:02Z,lottu,Argentina x Áustria,football,Internacional - Copa do Mundo,Resultado Final 1X2,Empate,3.88,https://www.lottu.bet.br/s/CLE?group_type=LEAGUE&identifier=sr:tournament:16&name=Copa%20do%20Mundo,22/06 14:00,,22/06 | 14:00 | keyboard_double_arrow_right | +2 | +826 | Argentina | Áustria | 1 | 1.62 | x | 3.88 | 2 | 5.65,lottu|football|Internacional - Copa do Mundo|Argentina x Áustria|Resultado Final 1X2|Empate
2026-06-20T14:52:02Z,lottu,Argentina x Áustria,football,Internacional - Copa do Mundo,Resultado Final 1X2,Áustria,5.65,https://www.lottu.bet.br/s/CLE?group_type=LEAGUE&identifier=sr:tournament:16&name=Copa%20do%20Mundo,22/06 14:00,,22/06 | 14:00 | keyboard_double_arrow_right | +2 | +826 | Argentina | Áustria | 1 | 1.62 | x | 3.88 | 2 | 5.65,lottu|football|Internacional - Copa do Mundo|Argentina x Áustria|Resultado Final 1X2|Áustria
2026-06-20T14:52:02Z,lottu,França x Iraque,football,Internacional - Copa do Mundo,Resultado Final 1X2,França,1.13,https://www.lottu.bet.br/s/CLE?group_type=LEAGUE&identifier=sr:tournament:16&name=Copa%20do%20Mundo,22/06 18:00,,22/06 | 18:00 | keyboard_double_arrow_right | +2 | +838 | França | Iraque | 1 | 1.13 | x | 8.33 | 2 | 22.58,lottu|football|Internacional - Copa do Mundo|França x Iraque|Resultado Final 1X2|França
2026-06-20T14:52:02Z,lottu,França x Iraque,football,Internacional - Copa do Mundo,Resultado Final 1X2,Empate,8.33,https://www.lottu.bet.br/s/CLE?group_type=LEAGUE&identifier=sr:tournament:16&name=Copa%20do%20Mundo,22/06 18:00,,22/06 | 18:00 | keyboard_double_arrow_right | +2 | +838 | França | Iraque | 1 | 1.13 | x | 8.33 | 2 | 22.58,lottu|football|Internacional - Copa do Mundo|França x Iraque|Resultado Final 1X2|Empate
2026-06-20T14:52:02Z,lottu,França x Iraque,football,Internacional - Copa do Mundo,Resultado Final 1X2,Iraque,22.58,https://www.lottu.bet.br/s/CLE?group_type=LEAGUE&identifier=sr:tournament:16&name=Copa%20do%20Mundo,22/06 18:00,,22/06 | 18:00 | keyboard_double_arrow_right | +2 | +838 | França | Iraque | 1 | 1.13 | x | 8.33 | 2 | 22.58,lottu|football|Internacional - Copa do Mundo|França x Iraque|Resultado Final 1X2|Iraque
2026-06-20T14:52:02Z,lottu,Noruega x Senegal,football,Internacional - Copa do Mundo,Resultado Final 1X2,Noruega,2.27,https://www.lottu.bet.br/s/CLE?group_type=LEAGUE&identifier=sr:tournament:16&name=Copa%20do%20Mundo,22/06 21:00,,22/06 | 21:00 | keyboard_double_arrow_right | +2 | +838 | Noruega | Senegal | 1 | 2.27 | x | 3.46 | 2 | 3.13,lottu|football|Internacional - Copa do Mundo|Noruega x Senegal|Resultado Final 1X2|Noruega
2026-06-20T14:52:02Z,lottu,Noruega x Senegal,football,Internacional - Copa do Mundo,Resultado Final 1X2,Empate,3.46,https://www.lottu.bet.br/s/CLE?group_type=LEAGUE&identifier=sr:tournament:16&name=Copa%20do%20Mundo,22/06 21:00,,22/06 | 21:00 | keyboard_double_arrow_right | +2 | +838 | Noruega | Senegal | 1 | 2.27 | x | 3.46 | 2 | 3.13,lottu|football|Internacional - Copa do Mundo|Noruega x Senegal|Resultado Final 1X2|Empate
2026-06-20T14:52:02Z,lottu,Noruega x Senegal,football,Internacional - Copa do Mundo,Resultado Final 1X2,Senegal,3.13,https://www.lottu.bet.br/s/CLE?group_type=LEAGUE&identifier=sr:tournament:16&name=Copa%20do%20Mundo,22/06 21:00,,22/06 | 21:00 | keyboard_double_arrow_right | +2 | +838 | Noruega | Senegal | 1 | 2.27 | x | 3.46 | 2 | 3.13,lottu|football|Internacional - Copa do Mundo|Noruega x Senegal|Resultado Final 1X2|Senegal
2026-06-20T14:52:02Z,lottu,Jordânia x Argélia,football,Internacional - Copa do Mundo,Resultado Final 1X2,Jordânia,5.54,https://www.lottu.bet.br/s/CLE?group_type=LEAGUE&identifier=sr:tournament:16&name=Copa%20do%20Mundo,23/06 00:00,,23/06 | 00:00 | keyboard_double_arrow_right | +2 | +826 | Jordânia | Argélia | 1 | 5.54 | x | 3.93 | 2 | 1.62,lottu|football|Internacional - Copa do Mundo|Jordânia x Argélia|Resultado Final 1X2|Jordânia
2026-06-20T14:52:02Z,lottu,Jordânia x Argélia,football,Internacional - Copa do Mundo,Resultado Final 1X2,Empate,3.93,https://www.lottu.bet.br/s/CLE?group_type=LEAGUE&identifier=sr:tournament:16&name=Copa%20do%20Mundo,23/06 00:00,,23/06 | 00:00 | keyboard_double_arrow_right | +2 | +826 | Jordânia | Argélia | 1 | 5.54 | x | 3.93 | 2 | 1.62,lottu|football|Internacional - Copa do Mundo|Jordânia x Argélia|Resultado Final 1X2|Empate
2026-06-20T14:52:02Z,lottu,Jordânia x Argélia,football,Internacional - Copa do Mundo,Resultado Final 1X2,Argélia,1.62,https://www.lottu.bet.br/s/CLE?group_type=LEAGUE&identifier=sr:tournament:16&name=Copa%20do%20Mundo,23/06 00:00,,23/06 | 00:00 | keyboard_double_arrow_right | +2 | +826 | Jordânia | Argélia | 1 | 5.54 | x | 3.93 | 2 | 1.62,lottu|football|Internacional - Copa do Mundo|Jordânia x Argélia|Resultado Final 1X2|Argélia
