captured_at,source,source_url,match_date_query,match_id_fifa,match_no,event_name,home_team,away_team,kickoff,location,city,referee,home_score,away_score,status,yellow_cards_home,yellow_cards_away,red_cards_home,red_cards_away,goals_home_detail,goals_away_detail,raw_text_path,data_quality_notes
2026-06-23T18:11:10+00:00,FIFA public calendar API,https://api.fifa.com/api/v3/live/football/400021443,2026-06-11,400021443,1,Mexico vs. South Africa,Mexico,South Africa,2026-06-11T19:00:00Z,Mexico City Stadium,Mexico City,Wilton SAMPAIO,2,0,full_time,,,,,,,/mnt/c/Users/jfdco/OneDrive/Area de Trabalho/WORLD CUP 2026/DADOS DO DIA/FIFA_MATCH_CENTER_MONITOR/raw/20260616T105901Z_match_400021443.txt,Synced by HERMES from FIFA public calendar API. Scores/referee are structured JSON; detailed goals/cards may remain blank unless FIFA exposes them in this endpoint or an older row already had them.
2026-06-23T18:11:10+00:00,FIFA public calendar API,https://api.fifa.com/api/v3/live/football/400021441,2026-06-12,400021441,2,Korea Republic vs. Czechia,Korea Republic,Czechia,2026-06-12T02:00:00Z,Guadalajara Stadium,Guadalajara,Amin MOHAMED,2,1,full_time,,,,,,,/mnt/c/Users/jfdco/OneDrive/Area de Trabalho/WORLD CUP 2026/DADOS DO DIA/FIFA_MATCH_CENTER_MONITOR/raw/20260616T105901Z_match_400021441.txt,Synced by HERMES from FIFA public calendar API. Scores/referee are structured JSON; detailed goals/cards may remain blank unless FIFA exposes them in this endpoint or an older row already had them.
2026-06-23T18:11:10+00:00,FIFA public calendar API,https://api.fifa.com/api/v3/live/football/400021449,2026-06-12,400021449,3,Canada vs. Bosnia and Herzegovina,Canada,Bosnia and Herzegovina,2026-06-12T19:00:00Z,Toronto Stadium,Toronto,Facundo TELLO,1,1,full_time,,,,,,,/mnt/c/Users/jfdco/OneDrive/Area de Trabalho/WORLD CUP 2026/DADOS DO DIA/FIFA_MATCH_CENTER_MONITOR/raw/20260616T105901Z_match_400021449.txt,Synced by HERMES from FIFA public calendar API. Scores/referee are structured JSON; detailed goals/cards may remain blank unless FIFA exposes them in this endpoint or an older row already had them.
2026-06-23T18:11:10+00:00,FIFA public calendar API,https://api.fifa.com/api/v3/live/football/400021458,2026-06-13,400021458,4,USA vs. Paraguay,USA,Paraguay,2026-06-13T01:00:00Z,Los Angeles Stadium,Los Angeles,Danny MAKKELIE,4,1,full_time,,,,,,,/mnt/c/Users/jfdco/OneDrive/Area de Trabalho/WORLD CUP 2026/DADOS DO DIA/FIFA_MATCH_CENTER_MONITOR/raw/20260616T105901Z_match_400021458.txt,Synced by HERMES from FIFA public calendar API. Scores/referee are structured JSON; detailed goals/cards may remain blank unless FIFA exposes them in this endpoint or an older row already had them.
2026-06-23T18:11:10+00:00,FIFA public calendar API,https://api.fifa.com/api/v3/live/football/400021453,2026-06-14,400021453,5,Haiti vs. Scotland,Haiti,Scotland,2026-06-14T01:00:00Z,Boston Stadium,Boston,Mustapha GHORBAL,0,1,full_time,,,,,,,/mnt/c/Users/jfdco/OneDrive/Area de Trabalho/WORLD CUP 2026/DADOS DO DIA/FIFA_MATCH_CENTER_MONITOR/raw/20260616T105901Z_match_400021453.txt,Synced by HERMES from FIFA public calendar API. Scores/referee are structured JSON; detailed goals/cards may remain blank unless FIFA exposes them in this endpoint or an older row already had them.
2026-06-23T18:11:10+00:00,FIFA public calendar API,https://api.fifa.com/api/v3/live/football/400021463,2026-06-14,400021463,6,Australia vs. Türkiye,Australia,Türkiye,2026-06-14T04:00:00Z,BC Place Vancouver,Vancouver,Jesus VALENZUELA,2,0,full_time,,,,,,,/mnt/c/Users/jfdco/OneDrive/Area de Trabalho/WORLD CUP 2026/DADOS DO DIA/FIFA_MATCH_CENTER_MONITOR/raw/20260616T105901Z_match_400021463.txt,Synced by HERMES from FIFA public calendar API. Scores/referee are structured JSON; detailed goals/cards may remain blank unless FIFA exposes them in this endpoint or an older row already had them.
2026-06-23T18:11:10+00:00,FIFA public calendar API,https://api.fifa.com/api/v3/live/football/400021456,2026-06-13,400021456,7,Brazil vs. Morocco,Brazil,Morocco,2026-06-13T22:00:00Z,New York/New Jersey Stadium,New Jersey,Slavko VINCIC,1,1,full_time,,,,,,,/mnt/c/Users/jfdco/OneDrive/Area de Trabalho/WORLD CUP 2026/DADOS DO DIA/FIFA_MATCH_CENTER_MONITOR/raw/20260616T105901Z_match_400021456.txt,Synced by HERMES from FIFA public calendar API. Scores/referee are structured JSON; detailed goals/cards may remain blank unless FIFA exposes them in this endpoint or an older row already had them.
2026-06-23T18:11:10+00:00,FIFA public calendar API,https://api.fifa.com/api/v3/live/football/400021447,2026-06-13,400021447,8,Qatar vs. Switzerland,Qatar,Switzerland,2026-06-13T19:00:00Z,San Francisco Bay Area Stadium,San Francisco Bay Area,Said MARTINEZ,1,1,full_time,,,,,,,/mnt/c/Users/jfdco/OneDrive/Area de Trabalho/WORLD CUP 2026/DADOS DO DIA/FIFA_MATCH_CENTER_MONITOR/raw/20260616T105901Z_match_400021447.txt,Synced by HERMES from FIFA public calendar API. Scores/referee are structured JSON; detailed goals/cards may remain blank unless FIFA exposes them in this endpoint or an older row already had them.
2026-06-23T18:11:10+00:00,FIFA public calendar API,https://api.fifa.com/api/v3/live/football/400021467,2026-06-14,400021467,9,Côte d'Ivoire vs. Ecuador,Côte d'Ivoire,Ecuador,2026-06-14T23:00:00Z,Philadelphia Stadium,Philadelphia,Francois LETEXIER,1,0,full_time,,,,,,,/mnt/c/Users/jfdco/OneDrive/Area de Trabalho/WORLD CUP 2026/DADOS DO DIA/FIFA_MATCH_CENTER_MONITOR/raw/20260616T105901Z_match_400021467.txt,Synced by HERMES from FIFA public calendar API. Scores/referee are structured JSON; detailed goals/cards may remain blank unless FIFA exposes them in this endpoint or an older row already had them.
2026-06-23T18:11:10+00:00,FIFA public calendar API,https://api.fifa.com/api/v3/live/football/400021464,2026-06-14,400021464,10,Germany vs. Curaçao,Germany,Curaçao,2026-06-14T17:00:00Z,Houston Stadium,Houston,Jalal JAYED,7,1,full_time,,,,,,,/mnt/c/Users/jfdco/OneDrive/Area de Trabalho/WORLD CUP 2026/DADOS DO DIA/FIFA_MATCH_CENTER_MONITOR/raw/20260616T105901Z_match_400021464.txt,Synced by HERMES from FIFA public calendar API. Scores/referee are structured JSON; detailed goals/cards may remain blank unless FIFA exposes them in this endpoint or an older row already had them.
2026-06-23T18:11:10+00:00,FIFA public calendar API,https://api.fifa.com/api/v3/live/football/400021470,2026-06-14,400021470,11,Netherlands vs. Japan,Netherlands,Japan,2026-06-14T20:00:00Z,Dallas Stadium,Dallas,Ismail ELFATH,2,2,full_time,,,,,,,/mnt/c/Users/jfdco/OneDrive/Area de Trabalho/WORLD CUP 2026/DADOS DO DIA/FIFA_MATCH_CENTER_MONITOR/raw/20260616T105901Z_match_400021470.txt,Synced by HERMES from FIFA public calendar API. Scores/referee are structured JSON; detailed goals/cards may remain blank unless FIFA exposes them in this endpoint or an older row already had them.
2026-06-23T18:11:10+00:00,FIFA public calendar API,https://api.fifa.com/api/v3/live/football/400021474,2026-06-15,400021474,12,Sweden vs. Tunisia,Sweden,Tunisia,2026-06-15T02:00:00Z,Monterrey Stadium,Monterrey,Yael FALCON PEREZ,5,1,full_time,,,,,,,/mnt/c/Users/jfdco/OneDrive/Area de Trabalho/WORLD CUP 2026/DADOS DO DIA/FIFA_MATCH_CENTER_MONITOR/raw/20260616T105901Z_match_400021474.txt,Synced by HERMES from FIFA public calendar API. Scores/referee are structured JSON; detailed goals/cards may remain blank unless FIFA exposes them in this endpoint or an older row already had them.
2026-06-23T18:11:10+00:00,FIFA public calendar API,https://api.fifa.com/api/v3/live/football/400021486,2026-06-15,400021486,13,Saudi Arabia vs. Uruguay,Saudi Arabia,Uruguay,2026-06-15T22:00:00Z,Miami Stadium,Miami,Maurizio MARIANI,1,1,full_time,,,,,,,/mnt/c/Users/jfdco/OneDrive/Area de Trabalho/WORLD CUP 2026/DADOS DO DIA/FIFA_MATCH_CENTER_MONITOR/raw/20260616T105901Z_match_400021486.txt,Synced by HERMES from FIFA public calendar API. Scores/referee are structured JSON; detailed goals/cards may remain blank unless FIFA exposes them in this endpoint or an older row already had them.
2026-06-23T18:11:10+00:00,FIFA public calendar API,https://api.fifa.com/api/v3/live/football/400021482,2026-06-15,400021482,14,Spain vs. Cabo Verde,Spain,Cabo Verde,2026-06-15T16:00:00Z,Atlanta Stadium,Atlanta,Adham MAKHADMEH,0,0,full_time,,,,,,,/mnt/c/Users/jfdco/OneDrive/Area de Trabalho/WORLD CUP 2026/DADOS DO DIA/FIFA_MATCH_CENTER_MONITOR/raw/20260616T105901Z_match_400021482.txt,Synced by HERMES from FIFA public calendar API. Scores/referee are structured JSON; detailed goals/cards may remain blank unless FIFA exposes them in this endpoint or an older row already had them.
2026-06-23T18:11:10+00:00,FIFA public calendar API,https://api.fifa.com/api/v3/live/football/400021476,2026-06-16,400021476,15,IR Iran vs. New Zealand,IR Iran,New Zealand,2026-06-16T01:00:00Z,Los Angeles Stadium,Los Angeles,Cesar RAMOS,2,2,full_time,,,,,,,/mnt/c/Users/jfdco/OneDrive/Area de Trabalho/WORLD CUP 2026/DADOS DO DIA/FIFA_MATCH_CENTER_MONITOR/raw/20260616T105901Z_match_400021476.txt,Synced by HERMES from FIFA public calendar API. Scores/referee are structured JSON; detailed goals/cards may remain blank unless FIFA exposes them in this endpoint or an older row already had them.
2026-06-23T18:11:10+00:00,FIFA public calendar API,https://api.fifa.com/api/v3/live/football/400021478,2026-06-15,400021478,16,Belgium vs. Egypt,Belgium,Egypt,2026-06-15T19:00:00Z,Seattle Stadium,Seattle,Ramon ABATTI,1,1,full_time,,,,,,,/mnt/c/Users/jfdco/OneDrive/Area de Trabalho/WORLD CUP 2026/DADOS DO DIA/FIFA_MATCH_CENTER_MONITOR/raw/20260616T105901Z_match_400021478.txt,Synced by HERMES from FIFA public calendar API. Scores/referee are structured JSON; detailed goals/cards may remain blank unless FIFA exposes them in this endpoint or an older row already had them.
2026-06-23T18:11:10+00:00,FIFA public calendar API,https://api.fifa.com/api/v3/live/football/400021490,2026-06-16,400021490,17,France vs. Senegal,France,Senegal,2026-06-16T19:00:00Z,New York/New Jersey Stadium,New Jersey,Alireza FAGHANI,3,1,full_time,0,0,0,0,,,/mnt/c/Users/jfdco/OneDrive/Area de Trabalho/WORLD CUP 2026/DADOS DO DIA/FIFA_MATCH_CENTER_MONITOR/raw/20260616T105901Z_match_400021490.txt,Synced by HERMES from FIFA public calendar API. Scores/referee are structured JSON; detailed goals/cards may remain blank unless FIFA exposes them in this endpoint or an older row already had them.
2026-06-23T18:11:10+00:00,FIFA public calendar API,https://api.fifa.com/api/v3/live/football/400021488,2026-06-16,400021488,18,Iraq vs. Norway,Iraq,Norway,2026-06-16T22:00:00Z,Boston Stadium,Boston,Pierre ATCHO,1,4,full_time,1,0,0,0,,,/mnt/c/Users/jfdco/OneDrive/Area de Trabalho/WORLD CUP 2026/DADOS DO DIA/FIFA_MATCH_CENTER_MONITOR/raw/20260616T105901Z_match_400021488.txt,Synced by HERMES from FIFA public calendar API. Scores/referee are structured JSON; detailed goals/cards may remain blank unless FIFA exposes them in this endpoint or an older row already had them.
2026-06-23T18:11:10+00:00,FIFA public calendar API,https://api.fifa.com/api/v3/live/football/400021496,2026-06-17,400021496,19,Argentina vs. Algeria,Argentina,Algeria,2026-06-17T01:00:00Z,Kansas City Stadium,Kansas City,Szymon MARCINIAK,3,0,full_time,0,0,0,0,,,/mnt/c/Users/jfdco/OneDrive/Area de Trabalho/WORLD CUP 2026/DADOS DO DIA/FIFA_MATCH_CENTER_MONITOR/raw/20260616T105901Z_match_400021496.txt,Synced by HERMES from FIFA public calendar API. Scores/referee are structured JSON; detailed goals/cards may remain blank unless FIFA exposes them in this endpoint or an older row already had them.
2026-06-23T18:11:10+00:00,FIFA public calendar API,https://api.fifa.com/api/v3/live/football/400021498,2026-06-17,400021498,20,Austria vs. Jordan,Austria,Jordan,2026-06-17T04:00:00Z,San Francisco Bay Area Stadium,San Francisco Bay Area,Dahane BEIDA,3,1,full_time,1,0,0,0,,,/mnt/c/Users/jfdco/OneDrive/Area de Trabalho/WORLD CUP 2026/DADOS DO DIA/FIFA_MATCH_CENTER_MONITOR/raw/20260616T105901Z_match_400021498.txt,Synced by HERMES from FIFA public calendar API. Scores/referee are structured JSON; detailed goals/cards may remain blank unless FIFA exposes them in this endpoint or an older row already had them.
2026-06-23T18:11:10+00:00,FIFA public calendar API,https://api.fifa.com/api/v3/live/football/400021510,2026-06-17,400021510,21,Ghana vs. Panama,Ghana,Panama,2026-06-17T23:00:00Z,Toronto Stadium,Toronto,Glenn NYBERG,1,0,full_time,1,2,0,0,,,/mnt/c/Users/jfdco/OneDrive/Area de Trabalho/WORLD CUP 2026/DADOS DO DIA/FIFA_MATCH_CENTER_MONITOR/raw/20260616T105901Z_match_400021510.txt,Synced by HERMES from FIFA public calendar API. Scores/referee are structured JSON; detailed goals/cards may remain blank unless FIFA exposes them in this endpoint or an older row already had them.
2026-06-23T18:11:10+00:00,FIFA public calendar API,https://api.fifa.com/api/v3/live/football/400021507,2026-06-17,400021507,22,England vs. Croatia,England,Croatia,2026-06-17T20:00:00Z,Dallas Stadium,Dallas,Clement TURPIN,4,2,full_time,0,0,0,0,,,/mnt/c/Users/jfdco/OneDrive/Area de Trabalho/WORLD CUP 2026/DADOS DO DIA/FIFA_MATCH_CENTER_MONITOR/raw/20260616T105901Z_match_400021507.txt,Synced by HERMES from FIFA public calendar API. Scores/referee are structured JSON; detailed goals/cards may remain blank unless FIFA exposes them in this endpoint or an older row already had them.
2026-06-23T18:11:10+00:00,FIFA public calendar API,https://api.fifa.com/api/v3/live/football/400021502,2026-06-17,400021502,23,Portugal vs. Congo DR,Portugal,Congo DR,2026-06-17T17:00:00Z,Houston Stadium,Houston,Abdulrahman ALJASSIM,1,1,full_time,3,1,0,0,,,/mnt/c/Users/jfdco/OneDrive/Area de Trabalho/WORLD CUP 2026/DADOS DO DIA/FIFA_MATCH_CENTER_MONITOR/raw/20260616T105901Z_match_400021502.txt,Synced by HERMES from FIFA public calendar API. Scores/referee are structured JSON; detailed goals/cards may remain blank unless FIFA exposes them in this endpoint or an older row already had them.
2026-06-23T18:11:10+00:00,FIFA public calendar API,https://api.fifa.com/api/v3/live/football/400021504,2026-06-18,400021504,24,Uzbekistan vs. Colombia,Uzbekistan,Colombia,2026-06-18T02:00:00Z,Mexico City Stadium,Mexico City,Anthony TAYLOR,1,3,full_time,1,1,0,0,,,/mnt/c/Users/jfdco/OneDrive/Area de Trabalho/WORLD CUP 2026/DADOS DO DIA/FIFA_MATCH_CENTER_MONITOR/raw/20260616T105901Z_match_400021504.txt,Synced by HERMES from FIFA public calendar API. Scores/referee are structured JSON; detailed goals/cards may remain blank unless FIFA exposes them in this endpoint or an older row already had them.
2026-06-23T18:11:10+00:00,FIFA public calendar API,https://api.fifa.com/api/v3/live/football/400021440,2026-06-18,400021440,25,Czechia vs. South Africa,Czechia,South Africa,2026-06-18T16:00:00Z,Atlanta Stadium,Atlanta,Tori PENSO,1,1,full_time,1,2,0,0,,,/mnt/c/Users/jfdco/OneDrive/Area de Trabalho/WORLD CUP 2026/DADOS DO DIA/FIFA_MATCH_CENTER_MONITOR/raw/20260616T105901Z_match_400021440.txt,Synced by HERMES from FIFA public calendar API. Scores/referee are structured JSON; detailed goals/cards may remain blank unless FIFA exposes them in this endpoint or an older row already had them.
2026-06-23T18:11:10+00:00,FIFA public calendar API,https://api.fifa.com/api/v3/live/football/400021446,2026-06-18,400021446,26,Switzerland vs. Bosnia and Herzegovina,Switzerland,Bosnia and Herzegovina,2026-06-18T19:00:00Z,Los Angeles Stadium,Los Angeles,Joao PINHEIRO,4,1,full_time,1,2,0,1,,,/mnt/c/Users/jfdco/OneDrive/Area de Trabalho/WORLD CUP 2026/DADOS DO DIA/FIFA_MATCH_CENTER_MONITOR/raw/20260616T105901Z_match_400021446.txt,Synced by HERMES from FIFA public calendar API. Scores/referee are structured JSON; detailed goals/cards may remain blank unless FIFA exposes them in this endpoint or an older row already had them.
2026-06-23T18:11:10+00:00,FIFA public calendar API,https://api.fifa.com/api/v3/live/football/400021450,2026-06-18,400021450,27,Canada vs. Qatar,Canada,Qatar,2026-06-18T22:00:00Z,BC Place Vancouver,Vancouver,Cristian GARAY,6,0,full_time,1,1,0,2,,,/mnt/c/Users/jfdco/OneDrive/Area de Trabalho/WORLD CUP 2026/DADOS DO DIA/FIFA_MATCH_CENTER_MONITOR/raw/20260616T105901Z_match_400021450.txt,Synced by HERMES from FIFA public calendar API. Scores/referee are structured JSON; detailed goals/cards may remain blank unless FIFA exposes them in this endpoint or an older row already had them.
2026-06-23T18:11:10+00:00,FIFA public calendar API,https://api.fifa.com/api/v3/live/football/400021442,2026-06-19,400021442,28,Mexico vs. Korea Republic,Mexico,Korea Republic,2026-06-19T01:00:00Z,Guadalajara Stadium,Guadalajara,Gustavo TEJERA,1,0,full_time,0,2,0,0,,,/mnt/c/Users/jfdco/OneDrive/Area de Trabalho/WORLD CUP 2026/DADOS DO DIA/FIFA_MATCH_CENTER_MONITOR/raw/20260616T105901Z_match_400021442.txt,Synced by HERMES from FIFA public calendar API. Scores/referee are structured JSON; detailed goals/cards may remain blank unless FIFA exposes them in this endpoint or an older row already had them.
2026-06-23T18:11:10+00:00,FIFA public calendar API,https://api.fifa.com/api/v3/live/football/400021457,2026-06-20,400021457,29,Brazil vs. Haiti,Brazil,Haiti,2026-06-20T00:30:00Z,Philadelphia Stadium,Philadelphia,Alejandro HERNANDEZ,3,0,full_time,1,3,0,0,,,/mnt/c/Users/jfdco/OneDrive/Area de Trabalho/WORLD CUP 2026/DADOS DO DIA/FIFA_MATCH_CENTER_MONITOR/raw/20260616T105901Z_match_400021457.txt,Synced by HERMES from FIFA public calendar API. Scores/referee are structured JSON; detailed goals/cards may remain blank unless FIFA exposes them in this endpoint or an older row already had them.
2026-06-23T18:11:10+00:00,FIFA public calendar API,https://api.fifa.com/api/v3/live/football/400021454,2026-06-19,400021454,30,Scotland vs. Morocco,Scotland,Morocco,2026-06-19T22:00:00Z,Boston Stadium,Boston,Ilgiz TANTASHEV,0,1,full_time,1,1,0,0,,,/mnt/c/Users/jfdco/OneDrive/Area de Trabalho/WORLD CUP 2026/DADOS DO DIA/FIFA_MATCH_CENTER_MONITOR/raw/20260616T105901Z_match_400021454.txt,Synced by HERMES from FIFA public calendar API. Scores/referee are structured JSON; detailed goals/cards may remain blank unless FIFA exposes them in this endpoint or an older row already had them.
2026-06-23T18:11:10+00:00,FIFA public calendar API,https://api.fifa.com/api/v3/live/football/400021460,2026-06-20,400021460,31,Türkiye vs. Paraguay,Türkiye,Paraguay,2026-06-20T03:00:00Z,San Francisco Bay Area Stadium,San Francisco Bay Area,Ivan BARTON,0,1,full_time,,,,,,,,Synced by HERMES from FIFA public calendar API. Scores/referee are structured JSON; detailed goals/cards may remain blank unless FIFA exposes them in this endpoint or an older row already had them.
2026-06-23T18:11:10+00:00,FIFA public calendar API,https://api.fifa.com/api/v3/live/football/400021462,2026-06-19,400021462,32,USA vs. Australia,USA,Australia,2026-06-19T19:00:00Z,Seattle Stadium,Seattle,Felix ZWAYER,2,0,full_time,3,4,0,0,,,/mnt/c/Users/jfdco/OneDrive/Area de Trabalho/WORLD CUP 2026/DADOS DO DIA/FIFA_MATCH_CENTER_MONITOR/raw/20260616T105901Z_match_400021462.txt,Synced by HERMES from FIFA public calendar API. Scores/referee are structured JSON; detailed goals/cards may remain blank unless FIFA exposes them in this endpoint or an older row already had them.
2026-06-23T18:11:10+00:00,FIFA public calendar API,https://api.fifa.com/api/v3/live/football/400021469,2026-06-20,400021469,33,Germany vs. Côte d'Ivoire,Germany,Côte d'Ivoire,2026-06-20T20:00:00Z,Toronto Stadium,Toronto,Juan Gabriel BENITEZ,2,1,full_time,,,,,,,,Synced by HERMES from FIFA public calendar API. Scores/referee are structured JSON; detailed goals/cards may remain blank unless FIFA exposes them in this endpoint or an older row already had them.
2026-06-23T18:11:10+00:00,FIFA public calendar API,https://api.fifa.com/api/v3/live/football/400021465,2026-06-21,400021465,34,Ecuador vs. Curaçao,Ecuador,Curaçao,2026-06-21T00:00:00Z,Kansas City Stadium,Kansas City,MA Ning,0,0,full_time,,,,,,,,Synced by HERMES from FIFA public calendar API. Scores/referee are structured JSON; detailed goals/cards may remain blank unless FIFA exposes them in this endpoint or an older row already had them.
2026-06-23T18:11:10+00:00,FIFA public calendar API,https://api.fifa.com/api/v3/live/football/400021472,2026-06-20,400021472,35,Netherlands vs. Sweden,Netherlands,Sweden,2026-06-20T17:00:00Z,Houston Stadium,Houston,Michael OLIVER,5,1,full_time,,,,,,,,Synced by HERMES from FIFA public calendar API. Scores/referee are structured JSON; detailed goals/cards may remain blank unless FIFA exposes them in this endpoint or an older row already had them.
2026-06-23T18:11:10+00:00,FIFA public calendar API,https://api.fifa.com/api/v3/live/football/400021475,2026-06-21,400021475,36,Tunisia vs. Japan,Tunisia,Japan,2026-06-21T04:00:00Z,Monterrey Stadium,Monterrey,Istvan KOVACS,0,4,full_time,,,,,,,,Synced by HERMES from FIFA public calendar API. Scores/referee are structured JSON; detailed goals/cards may remain blank unless FIFA exposes them in this endpoint or an older row already had them.
2026-06-23T18:11:10+00:00,FIFA public calendar API,https://api.fifa.com/api/v3/live/football/400021487,2026-06-21,400021487,37,Uruguay vs. Cabo Verde,Uruguay,Cabo Verde,2026-06-21T22:00:00Z,Miami Stadium,Miami,Espen ESKAS,2,2,full_time,,,,,,,,Synced by HERMES from FIFA public calendar API. Scores/referee are structured JSON; detailed goals/cards may remain blank unless FIFA exposes them in this endpoint or an older row already had them.
2026-06-23T18:11:10+00:00,FIFA public calendar API,https://api.fifa.com/api/v3/live/football/400021483,2026-06-21,400021483,38,Spain vs. Saudi Arabia,Spain,Saudi Arabia,2026-06-21T16:00:00Z,Atlanta Stadium,Atlanta,Raphael CLAUS,4,0,full_time,,,,,,,,Synced by HERMES from FIFA public calendar API. Scores/referee are structured JSON; detailed goals/cards may remain blank unless FIFA exposes them in this endpoint or an older row already had them.
2026-06-23T18:11:10+00:00,FIFA public calendar API,https://api.fifa.com/api/v3/live/football/400021477,2026-06-21,400021477,39,Belgium vs. IR Iran,Belgium,IR Iran,2026-06-21T19:00:00Z,Los Angeles Stadium,Los Angeles,Dario HERRERA,0,0,full_time,,,,,,,,Synced by HERMES from FIFA public calendar API. Scores/referee are structured JSON; detailed goals/cards may remain blank unless FIFA exposes them in this endpoint or an older row already had them.
2026-06-23T18:11:10+00:00,FIFA public calendar API,https://api.fifa.com/api/v3/live/football/400021480,2026-06-22,400021480,40,New Zealand vs. Egypt,New Zealand,Egypt,2026-06-22T01:00:00Z,BC Place Vancouver,Vancouver,Omar ALALI,1,3,full_time,,,,,,,,Synced by HERMES from FIFA public calendar API. Scores/referee are structured JSON; detailed goals/cards may remain blank unless FIFA exposes them in this endpoint or an older row already had them.
2026-06-23T18:11:10+00:00,FIFA public calendar API,https://api.fifa.com/api/v3/live/football/400021491,2026-06-23,400021491,41,Norway vs. Senegal,Norway,Senegal,2026-06-23T00:00:00Z,New York/New Jersey Stadium,New Jersey,Wilton SAMPAIO,3,2,full_time,,,,,,,,Synced by HERMES from FIFA public calendar API. Scores/referee are structured JSON; detailed goals/cards may remain blank unless FIFA exposes them in this endpoint or an older row already had them.
2026-06-23T18:11:10+00:00,FIFA public calendar API,https://api.fifa.com/api/v3/live/football/400021492,2026-06-22,400021492,42,France vs. Iraq,France,Iraq,2026-06-22T21:00:00Z,Philadelphia Stadium,Philadelphia,Drew FISCHER,3,0,full_time,,,,,,,,Synced by HERMES from FIFA public calendar API. Scores/referee are structured JSON; detailed goals/cards may remain blank unless FIFA exposes them in this endpoint or an older row already had them.
2026-06-23T18:11:10+00:00,FIFA public calendar API,https://api.fifa.com/api/v3/live/football/400021494,2026-06-22,400021494,43,Argentina vs. Austria,Argentina,Austria,2026-06-22T17:00:00Z,Dallas Stadium,Dallas,Amin MOHAMED,2,0,full_time,,,,,,,,Synced by HERMES from FIFA public calendar API. Scores/referee are structured JSON; detailed goals/cards may remain blank unless FIFA exposes them in this endpoint or an older row already had them.
2026-06-23T18:11:10+00:00,FIFA public calendar API,https://api.fifa.com/api/v3/live/football/400021499,2026-06-23,400021499,44,Jordan vs. Algeria,Jordan,Algeria,2026-06-23T03:00:00Z,San Francisco Bay Area Stadium,San Francisco Bay Area,Slavko VINCIC,1,2,full_time,,,,,,,,Synced by HERMES from FIFA public calendar API. Scores/referee are structured JSON; detailed goals/cards may remain blank unless FIFA exposes them in this endpoint or an older row already had them.
2026-06-23T22:08:22+00:00,FIFA public calendar API,https://api.fifa.com/api/v3/live/football/400021506,2026-06-23,400021506,45,England vs. Ghana,England,Ghana,2026-06-23T20:00:00Z,Boston Stadium,Boston,Said MARTINEZ,0,0,full_time,,,,,,,,Synced by HERMES from FIFA public calendar API. Scores/referee are structured JSON; detailed goals/cards may remain blank unless FIFA exposes them in this endpoint or an older row already had them.
2026-06-24T02:27:17+00:00,FIFA public calendar API,https://api.fifa.com/api/v3/live/football/400021511,2026-06-23,400021511,46,Panama vs. Croatia,Panama,Croatia,2026-06-23T23:00:00Z,Toronto Stadium,Toronto,Pierre ATCHO,0,1,full_time,,,,,,,,Synced by HERMES from FIFA public calendar API. Scores/referee are structured JSON; detailed goals/cards may remain blank unless FIFA exposes them in this endpoint or an older row already had them.
2026-06-23T19:51:19+00:00,FIFA public calendar API,https://api.fifa.com/api/v3/live/football/400021503,2026-06-23,400021503,47,Portugal vs. Uzbekistan,Portugal,Uzbekistan,2026-06-23T17:00:00Z,Houston Stadium,Houston,Jalal JAYED,5,0,full_time,,,,,,,,Synced by HERMES from FIFA public calendar API. Scores/referee are structured JSON; detailed goals/cards may remain blank unless FIFA exposes them in this endpoint or an older row already had them.
2026-06-24T11:39:36+00:00,FIFA public calendar API,https://api.fifa.com/api/v3/live/football/400021501,2026-06-24,400021501,48,Colombia vs. Congo DR,Colombia,Congo DR,2026-06-24T02:00:00Z,Guadalajara Stadium,Guadalajara,Maurizio MARIANI,1,0,full_time,,,,,,,,Synced by HERMES from FIFA public calendar API. Scores/referee are structured JSON; detailed goals/cards may remain blank unless FIFA exposes them in this endpoint or an older row already had them.
2026-06-23T18:11:10+00:00,FIFA public calendar API,https://api.fifa.com/api/v3/live/football/400021455,2026-06-24,400021455,49,Scotland vs. Brazil,Scotland,Brazil,2026-06-24T22:00:00Z,Miami Stadium,Miami,Cesar RAMOS,,,scheduled_or_live,,,,,,,,Synced by HERMES from FIFA public calendar API. Scores/referee are structured JSON; detailed goals/cards may remain blank unless FIFA exposes them in this endpoint or an older row already had them.
2026-06-23T18:11:10+00:00,FIFA public calendar API,https://api.fifa.com/api/v3/live/football/400021452,2026-06-24,400021452,50,Morocco vs. Haiti,Morocco,Haiti,2026-06-24T22:00:00Z,Atlanta Stadium,Atlanta,Danny MAKKELIE,,,scheduled_or_live,,,,,,,,Synced by HERMES from FIFA public calendar API. Scores/referee are structured JSON; detailed goals/cards may remain blank unless FIFA exposes them in this endpoint or an older row already had them.
2026-06-24T22:08:44+00:00,FIFA public calendar API,https://api.fifa.com/api/v3/live/football/400021451,2026-06-24,400021451,51,Switzerland vs. Canada,Switzerland,Canada,2026-06-24T19:00:00Z,BC Place Vancouver,Vancouver,Ramon ABATTI,2,1,full_time,,,,,,,,Synced by HERMES from FIFA public calendar API. Scores/referee are structured JSON; detailed goals/cards may remain blank unless FIFA exposes them in this endpoint or an older row already had them.
2026-06-24T22:08:44+00:00,FIFA public calendar API,https://api.fifa.com/api/v3/live/football/400021448,2026-06-24,400021448,52,Bosnia and Herzegovina vs. Qatar,Bosnia and Herzegovina,Qatar,2026-06-24T19:00:00Z,Seattle Stadium,Seattle,Jesus VALENZUELA,3,1,full_time,,,,,,,,Synced by HERMES from FIFA public calendar API. Scores/referee are structured JSON; detailed goals/cards may remain blank unless FIFA exposes them in this endpoint or an older row already had them.
2026-06-23T18:11:10+00:00,FIFA public calendar API,https://api.fifa.com/api/v3/live/football/400021444,2026-06-25,400021444,53,Czechia vs. Mexico,Czechia,Mexico,2026-06-25T01:00:00Z,Mexico City Stadium,Mexico City,Yael FALCON PEREZ,,,scheduled_or_live,,,,,,,,Synced by HERMES from FIFA public calendar API. Scores/referee are structured JSON; detailed goals/cards may remain blank unless FIFA exposes them in this endpoint or an older row already had them.
2026-06-23T18:11:10+00:00,FIFA public calendar API,https://api.fifa.com/api/v3/live/football/400021445,2026-06-25,400021445,54,South Africa vs. Korea Republic,South Africa,Korea Republic,2026-06-25T01:00:00Z,Monterrey Stadium,Monterrey,Facundo TELLO,,,scheduled_or_live,,,,,,,,Synced by HERMES from FIFA public calendar API. Scores/referee are structured JSON; detailed goals/cards may remain blank unless FIFA exposes them in this endpoint or an older row already had them.
2026-06-23T18:11:10+00:00,FIFA public calendar API,https://api.fifa.com/api/v3/live/football/400021468,2026-06-25,400021468,55,Curaçao vs. Côte d'Ivoire,Curaçao,Côte d'Ivoire,2026-06-25T20:00:00Z,Philadelphia Stadium,Philadelphia,Glenn NYBERG,,,scheduled_or_live,,,,,,,,Synced by HERMES from FIFA public calendar API. Scores/referee are structured JSON; detailed goals/cards may remain blank unless FIFA exposes them in this endpoint or an older row already had them.
2026-06-23T18:11:10+00:00,FIFA public calendar API,https://api.fifa.com/api/v3/live/football/400021466,2026-06-25,400021466,56,Ecuador vs. Germany,Ecuador,Germany,2026-06-25T20:00:00Z,New York/New Jersey Stadium,New Jersey,Tori PENSO,,,scheduled_or_live,,,,,,,,Synced by HERMES from FIFA public calendar API. Scores/referee are structured JSON; detailed goals/cards may remain blank unless FIFA exposes them in this endpoint or an older row already had them.
2026-06-23T18:11:10+00:00,FIFA public calendar API,https://api.fifa.com/api/v3/live/football/400021471,2026-06-25,400021471,57,Japan vs. Sweden,Japan,Sweden,2026-06-25T23:00:00Z,Dallas Stadium,Dallas,Ivan BARTON,,,scheduled_or_live,,,,,,,,Synced by HERMES from FIFA public calendar API. Scores/referee are structured JSON; detailed goals/cards may remain blank unless FIFA exposes them in this endpoint or an older row already had them.
2026-06-23T18:11:10+00:00,FIFA public calendar API,https://api.fifa.com/api/v3/live/football/400021473,2026-06-25,400021473,58,Tunisia vs. Netherlands,Tunisia,Netherlands,2026-06-25T23:00:00Z,Kansas City Stadium,Kansas City,Katia GARCIA,,,scheduled_or_live,,,,,,,,Synced by HERMES from FIFA public calendar API. Scores/referee are structured JSON; detailed goals/cards may remain blank unless FIFA exposes them in this endpoint or an older row already had them.
2026-06-23T18:11:10+00:00,FIFA public calendar API,https://api.fifa.com/api/v3/live/football/400021459,2026-06-26,400021459,59,Türkiye vs. USA,Türkiye,USA,2026-06-26T02:00:00Z,Los Angeles Stadium,Los Angeles,Mustapha GHORBAL,,,scheduled_or_live,,,,,,,,Synced by HERMES from FIFA public calendar API. Scores/referee are structured JSON; detailed goals/cards may remain blank unless FIFA exposes them in this endpoint or an older row already had them.
2026-06-23T18:11:10+00:00,FIFA public calendar API,https://api.fifa.com/api/v3/live/football/400021461,2026-06-26,400021461,60,Paraguay vs. Australia,Paraguay,Australia,2026-06-26T02:00:00Z,San Francisco Bay Area Stadium,San Francisco Bay Area,Clement TURPIN,,,scheduled_or_live,,,,,,,,Synced by HERMES from FIFA public calendar API. Scores/referee are structured JSON; detailed goals/cards may remain blank unless FIFA exposes them in this endpoint or an older row already had them.
2026-06-24T11:39:36+00:00,FIFA public calendar API,https://api.fifa.com/api/v3/live/football/400021489,2026-06-26,400021489,61,Norway vs. France,Norway,France,2026-06-26T19:00:00Z,Boston Stadium,Boston,Michael OLIVER,,,scheduled_or_live,,,,,,,,Synced by HERMES from FIFA public calendar API. Scores/referee are structured JSON; detailed goals/cards may remain blank unless FIFA exposes them in this endpoint or an older row already had them.
2026-06-24T11:39:36+00:00,FIFA public calendar API,https://api.fifa.com/api/v3/live/football/400021493,2026-06-26,400021493,62,Senegal vs. Iraq,Senegal,Iraq,2026-06-26T19:00:00Z,Toronto Stadium,Toronto,Anthony TAYLOR,,,scheduled_or_live,,,,,,,,Synced by HERMES from FIFA public calendar API. Scores/referee are structured JSON; detailed goals/cards may remain blank unless FIFA exposes them in this endpoint or an older row already had them.
2026-06-24T11:39:36+00:00,FIFA public calendar API,https://api.fifa.com/api/v3/live/football/400021479,2026-06-27,400021479,63,Egypt vs. IR Iran,Egypt,IR Iran,2026-06-27T03:00:00Z,Seattle Stadium,Seattle,Szymon MARCINIAK,,,scheduled_or_live,,,,,,,,Synced by HERMES from FIFA public calendar API. Scores/referee are structured JSON; detailed goals/cards may remain blank unless FIFA exposes them in this endpoint or an older row already had them.
2026-06-24T11:39:36+00:00,FIFA public calendar API,https://api.fifa.com/api/v3/live/football/400021481,2026-06-27,400021481,64,New Zealand vs. Belgium,New Zealand,Belgium,2026-06-27T03:00:00Z,BC Place Vancouver,Vancouver,Adham MAKHADMEH,,,scheduled_or_live,,,,,,,,Synced by HERMES from FIFA public calendar API. Scores/referee are structured JSON; detailed goals/cards may remain blank unless FIFA exposes them in this endpoint or an older row already had them.
2026-06-24T11:39:36+00:00,FIFA public calendar API,https://api.fifa.com/api/v3/live/football/400021485,2026-06-27,400021485,65,Cabo Verde vs. Saudi Arabia,Cabo Verde,Saudi Arabia,2026-06-27T00:00:00Z,Houston Stadium,Houston,Francois LETEXIER,,,scheduled_or_live,,,,,,,,Synced by HERMES from FIFA public calendar API. Scores/referee are structured JSON; detailed goals/cards may remain blank unless FIFA exposes them in this endpoint or an older row already had them.
2026-06-24T11:39:36+00:00,FIFA public calendar API,https://api.fifa.com/api/v3/live/football/400021484,2026-06-27,400021484,66,Uruguay vs. Spain,Uruguay,Spain,2026-06-27T00:00:00Z,Guadalajara Stadium,Guadalajara,Ismail ELFATH,,,scheduled_or_live,,,,,,,,Synced by HERMES from FIFA public calendar API. Scores/referee are structured JSON; detailed goals/cards may remain blank unless FIFA exposes them in this endpoint or an older row already had them.
2026-06-23T18:11:10+00:00,FIFA public calendar API,https://api.fifa.com/api/v3/live/football/400021508,2026-06-27,400021508,67,Panama vs. England,Panama,England,2026-06-27T21:00:00Z,New York/New Jersey Stadium,New Jersey,,,,scheduled_or_live,,,,,,,,Synced by HERMES from FIFA public calendar API. Scores/referee are structured JSON; detailed goals/cards may remain blank unless FIFA exposes them in this endpoint or an older row already had them.
2026-06-23T18:11:10+00:00,FIFA public calendar API,https://api.fifa.com/api/v3/live/football/400021509,2026-06-27,400021509,68,Croatia vs. Ghana,Croatia,Ghana,2026-06-27T21:00:00Z,Philadelphia Stadium,Philadelphia,,,,scheduled_or_live,,,,,,,,Synced by HERMES from FIFA public calendar API. Scores/referee are structured JSON; detailed goals/cards may remain blank unless FIFA exposes them in this endpoint or an older row already had them.
2026-06-23T18:11:10+00:00,FIFA public calendar API,https://api.fifa.com/api/v3/live/football/400021497,2026-06-28,400021497,69,Algeria vs. Austria,Algeria,Austria,2026-06-28T02:00:00Z,Kansas City Stadium,Kansas City,,,,scheduled_or_live,,,,,,,,Synced by HERMES from FIFA public calendar API. Scores/referee are structured JSON; detailed goals/cards may remain blank unless FIFA exposes them in this endpoint or an older row already had them.
2026-06-23T18:11:10+00:00,FIFA public calendar API,https://api.fifa.com/api/v3/live/football/400021495,2026-06-28,400021495,70,Jordan vs. Argentina,Jordan,Argentina,2026-06-28T02:00:00Z,Dallas Stadium,Dallas,,,,scheduled_or_live,,,,,,,,Synced by HERMES from FIFA public calendar API. Scores/referee are structured JSON; detailed goals/cards may remain blank unless FIFA exposes them in this endpoint or an older row already had them.
2026-06-23T18:11:10+00:00,FIFA public calendar API,https://api.fifa.com/api/v3/live/football/400021505,2026-06-27,400021505,71,Colombia vs. Portugal,Colombia,Portugal,2026-06-27T23:30:00Z,Miami Stadium,Miami,,,,scheduled_or_live,,,,,,,,Synced by HERMES from FIFA public calendar API. Scores/referee are structured JSON; detailed goals/cards may remain blank unless FIFA exposes them in this endpoint or an older row already had them.
2026-06-23T18:11:10+00:00,FIFA public calendar API,https://api.fifa.com/api/v3/live/football/400021500,2026-06-27,400021500,72,Congo DR vs. Uzbekistan,Congo DR,Uzbekistan,2026-06-27T23:30:00Z,Atlanta Stadium,Atlanta,,,,scheduled_or_live,,,,,,,,Synced by HERMES from FIFA public calendar API. Scores/referee are structured JSON; detailed goals/cards may remain blank unless FIFA exposes them in this endpoint or an older row already had them.
